entry_id,exit_id,vehicle_id,vehicle_type,start_time,end_time,distance,travel_time,speed
780079,790062,冀J9V851_1,16,2021-06-02 05:19:45,2021-06-02 05:26:13,6841.52,0.107778,63.478
780079,790062,辽A02SW8_0,1,2021-06-02 08:52:03,2021-06-02 08:58:29,6841.52,0.107222,63.807
780079,790062,宁AD08509_4,1,2021-06-02 10:04:15,2021-06-02 10:09:23,6841.52,0.085556,79.965
780079,790062,宁B4B818_0,1,2021-06-02 10:39:57,2021-06-02 10:45:27,6841.52,0.091667,74.634
780079,790062,宁A8DB51_0,1,2021-06-02 11:51:59,2021-06-02 11:57:32,6841.52,0.0925,73.962
780079,790062,宁A3HK19_0,11,2021-06-02 14:52:09,2021-06-02 14:58:12,6841.52,0.100833,67.85
780079,790062,宁BBB466_0,11,2021-06-02 23:18:08,2021-06-02 23:24:10,6841.52,0.100556,68.037
780079,790062,宁AKU319_0,1,2021-06-06 17:26:05,2021-06-06 17:30:49,6841.52,0.078889,86.723
780079,790062,蒙CB3106_0,1,2021-06-06 18:01:33,2021-06-06 18:06:45,6841.52,0.086667,78.94
780079,790062,宁AHM465_0,1,2021-06-06 20:25:53,2021-06-06 20:30:48,6841.52,0.081944,83.49
780079,790062,蒙C29166_1,16,2021-06-06 21:38:43,2021-06-06 21:44:18,6841.52,0.093056,73.52
780079,790062,苏ELD280_1,12,2021-06-07 01:17:52,2021-06-07 01:25:43,6841.52,0.130833,52.292
780079,790062,宁AQ838S_0,11,2021-06-07 06:38:28,2021-06-07 06:45:46,6841.52,0.121667,56.232
780079,790062,宁A658A3_0,1,2021-06-07 09:04:12,2021-06-07 09:09:20,6841.52,0.085556,79.965
780079,790062,陕AJ7C02_0,1,2021-06-07 09:05:11,2021-06-07 09:10:28,6841.52,0.088056,77.695
780079,790062,冀EM9271_1,16,2021-06-07 14:28:06,2021-06-07 14:34:29,6841.52,0.106389,64.307
780079,790062,蒙LJR985_0,1,2021-06-07 15:40:59,2021-06-07 15:46:37,6841.52,0.093889,72.868
780079,790062,蒙LPA603_0,1,2021-06-07 15:03:37,2021-06-07 15:09:26,6841.52,0.096944,70.572
780079,790062,晋MU7794_1,12,2021-06-07 15:03:20,2021-06-07 15:09:36,6841.52,0.104444,65.504
780079,790062,宁BN8133_0,11,2021-06-07 16:17:10,2021-06-07 16:23:23,6841.52,0.103611,66.031
780079,790062,豫NM7937_1,16,2021-06-07 16:17:42,2021-06-07 16:23:26,6841.52,0.095556,71.597
780079,790062,宁AC3337_1,13,2021-06-07 17:27:01,2021-06-07 17:33:13,6841.52,0.103333,66.208
780079,790062,宁AZ030V_0,1,2021-06-07 19:16:36,2021-06-07 19:21:48,6841.52,0.086667,78.94
780079,790062,蒙CH7920_0,1,2021-06-07 19:52:26,2021-06-07 19:57:18,6841.52,0.081111,84.348
780079,790062,冀D2F096_1,16,2021-06-07 21:44:26,2021-06-07 21:51:04,6841.52,0.110556,61.883
780079,790062,宁A59P51_0,1,2021-06-07 21:08:16,2021-06-07 21:13:20,6841.52,0.084444,81.018
780079,790062,宁A6R356_0,1,2021-06-07 21:08:28,2021-06-07 21:13:28,6841.52,0.083333,82.099
780079,790062,吉AP2588_1,16,2021-06-07 22:14:51,2021-06-07 22:22:03,6841.52,0.12,57.013
780079,790062,晋M372B8_0,11,2021-06-07 23:27:52,2021-06-07 23:34:12,6841.52,0.105556,64.814
780079,790062,蒙CG5958_0,1,2021-06-07 22:55:46,2021-06-07 23:00:48,6841.52,0.083889,81.554
780079,790062,甘D3K220_0,1,2021-06-08 00:42:14,2021-06-08 00:49:37,6841.52,0.123056,55.597
780079,790062,宁E98780_1,16,2021-06-08 00:50:03,2021-06-08 00:56:39,6841.52,0.11,62.196
780079,790062,苏EBN965_1,12,2021-06-08 01:22:10,2021-06-08 01:29:59,6841.52,0.130278,52.515
780079,790062,宁A2AL20_0,11,2021-06-08 02:31:37,2021-06-08 02:37:53,6841.52,0.104444,65.504
780079,790062,宁BS5550_0,1,2021-06-08 04:25:46,2021-06-08 04:30:52,6841.52,0.085,80.488
780079,790062,宁A9BB07_0,11,2021-06-08 04:34:01,2021-06-08 04:40:34,6841.52,0.109167,62.67
780079,790062,冀RE5566_1,16,2021-06-08 04:34:34,2021-06-08 04:41:42,6841.52,0.118889,57.545
780079,790062,宁CLE717_0,1,2021-06-08 05:37:59,2021-06-08 05:42:23,6841.52,0.073333,93.294
780079,790062,宁AH4192_0,1,2021-06-08 05:40:45,2021-06-08 05:45:52,6841.52,0.085278,80.226
780079,790062,宁AK788L_0,11,2021-06-08 06:09:36,2021-06-08 06:15:35,6841.52,0.099722,68.606
780079,790062,宁AQD761_0,11,2021-06-08 06:11:44,2021-06-08 06:17:16,6841.52,0.092222,74.185
780079,790062,蒙C37568_1,4,2021-06-08 07:18:20,2021-06-08 07:23:57,6841.52,0.093611,73.085
780079,790062,宁AJ765A_0,1,2021-06-08 07:19:47,2021-06-08 07:24:11,6841.52,0.073333,93.294
780079,790062,宁A6R737_0,1,2021-06-08 07:20:01,2021-06-08 07:24:33,6841.52,0.075556,90.549
780079,790062,蒙CB9891_0,1,2021-06-08 07:19:56,2021-06-08 07:25:11,6841.52,0.0875,78.189
780079,790062,宁AV651C_0,11,2021-06-08 08:31:22,2021-06-08 08:37:49,6841.52,0.1075,63.642
780079,790062,宁A7GE75_0,1,2021-06-08 08:32:36,2021-06-08 08:37:53,6841.52,0.088056,77.695
780079,790062,宁A0J133_0,1,2021-06-08 09:06:43,2021-06-08 09:11:39,6841.52,0.082222,83.208
780079,790062,宁A3R050_0,1,2021-06-08 09:07:21,2021-06-08 09:12:02,6841.52,0.078056,87.649
780079,790062,宁AL672F_0,1,2021-06-08 09:08:25,2021-06-08 09:12:57,6841.52,0.075556,90.549
780079,790062,宁A2U336_0,1,2021-06-08 09:08:23,2021-06-08 09:12:58,6841.52,0.076389,89.562
780079,790062,宁A54M70_0,1,2021-06-08 09:43:13,2021-06-08 09:47:52,6841.52,0.0775,88.278
780079,790062,宁A998E8_0,1,2021-06-08 09:42:50,2021-06-08 09:48:00,6841.52,0.086111,79.45
780079,790062,宁A8M716_0,1,2021-06-08 09:42:51,2021-06-08 09:48:10,6841.52,0.088611,77.208
780079,790062,宁A1EA10_0,1,2021-06-08 09:42:16,2021-06-08 09:48:13,6841.52,0.099167,68.99
780079,790062,宁A2EQ19_0,1,2021-06-08 09:44:29,2021-06-08 09:49:29,6841.52,0.083333,82.099
780079,790062,宁AE7075_1,12,2021-06-08 10:17:55,2021-06-08 10:24:07,6841.52,0.103333,66.208
780079,790062,宁A27A33_0,1,2021-06-08 10:19:10,2021-06-08 10:24:13,6841.52,0.084167,81.285
780079,790062,蒙CXM526_0,1,2021-06-08 10:19:02,2021-06-08 10:24:34,6841.52,0.092222,74.185
780079,790062,宁A492V3_0,1,2021-06-08 11:30:56,2021-06-08 11:35:49,6841.52,0.081389,84.06
780079,790062,宁AWB027_0,1,2021-06-08 10:56:25,2021-06-08 11:02:19,6841.52,0.098333,69.575
780079,790062,宁A53209_1,12,2021-06-08 13:52:26,2021-06-08 13:59:51,6841.52,0.123611,55.347
780079,790062,宁AS012U_0,11,2021-06-08 15:07:03,2021-06-08 15:12:52,6841.52,0.096944,70.572
780079,790062,辽K456BD_0,1,2021-06-08 15:08:01,2021-06-08 15:13:07,6841.52,0.085,80.488
780079,790062,宁BM6061_0,1,2021-06-08 16:18:12,2021-06-08 16:23:42,6841.52,0.091667,74.634
780079,790062,宁B9A386_0,1,2021-06-08 22:18:11,2021-06-08 22:24:15,6841.52,0.101111,67.663
780079,790062,宁A2HY00_0,11,2021-06-09 02:36:37,2021-06-09 02:44:44,6841.52,0.135278,50.574
780079,790062,宁BAM725_0,1,2021-06-09 02:39:22,2021-06-09 02:45:28,6841.52,0.101667,67.293
780079,790062,宁A091Y9_0,11,2021-06-09 02:39:52,2021-06-09 02:46:08,6841.52,0.104444,65.504
780079,790062,宁C59233_1,13,2021-06-09 03:10:44,2021-06-09 03:18:23,6841.52,0.1275,53.659
780079,790062,宁AV998T_0,11,2021-06-09 03:23:40,2021-06-09 03:30:07,6841.52,0.1075,63.642
780079,790062,宁B30816_1,12,2021-06-09 04:23:16,2021-06-09 04:29:43,6841.52,0.1075,63.642
780079,790062,宁AN629C_0,1,2021-06-09 05:33:00,2021-06-09 05:38:06,6841.52,0.085,80.488
780079,790062,蒙L28238_1,3,2021-06-09 05:16:46,2021-06-09 05:22:31,6841.52,0.095833,71.39
780079,790062,宁AGK835_0,11,2021-06-09 05:28:13,2021-06-09 05:35:56,6841.52,0.128611,53.195
780079,790062,宁AKX303_0,1,2021-06-09 05:32:52,2021-06-09 05:37:26,6841.52,0.076111,89.889
780079,790062,宁A3Y258_0,1,2021-06-09 06:44:37,2021-06-09 06:50:51,6841.52,0.103889,65.854
780079,790062,宁AJ8192_1,16,2021-06-09 06:44:55,2021-06-09 06:51:55,6841.52,0.116667,58.641
780079,790062,宁CE6831_1,16,2021-06-09 06:11:41,2021-06-09 06:18:31,6841.52,0.113889,60.072
780079,790062,宁AQ7077_0,1,2021-06-09 07:22:20,2021-06-09 07:27:13,6841.52,0.081389,84.06
780079,790062,宁A0257F_0,1,2021-06-09 07:22:31,2021-06-09 07:27:16,6841.52,0.079167,86.419
780079,790062,宁A1823B_0,1,2021-06-09 07:22:56,2021-06-09 07:27:47,6841.52,0.080833,84.638
780079,790062,豫RB0899_1,12,2021-06-09 07:22:26,2021-06-09 07:28:26,6841.52,0.1,68.415
780079,790062,宁AG9716_1,4,2021-06-09 07:23:34,2021-06-09 07:29:21,6841.52,0.096389,70.978
780079,790062,宁BP9755_0,1,2021-06-09 07:25:03,2021-06-09 07:30:35,6841.52,0.092222,74.185
780079,790062,宁A105M0_0,1,2021-06-09 07:28:38,2021-06-09 07:33:10,6841.52,0.075556,90.549
780079,790062,蒙CMT850_0,1,2021-06-09 07:28:32,2021-06-09 07:33:38,6841.52,0.085,80.488
780079,790062,蒙KZT538_0,1,2021-06-09 07:28:44,2021-06-09 07:34:28,6841.52,0.095556,71.597
780079,790062,宁AG290V_0,1,2021-06-09 07:58:01,2021-06-09 08:02:02,6841.52,0.066944,102.198
780079,790062,宁A62299_1,13,2021-06-09 07:55:53,2021-06-09 08:02:40,6841.52,0.113056,60.514
780079,790062,宁AJK084_0,11,2021-06-09 07:54:06,2021-06-09 08:03:27,6841.52,0.155833,43.903
780079,790062,宁AX597F_0,1,2021-06-09 07:59:18,2021-06-09 08:04:55,6841.52,0.093611,73.085
780079,790062,宁A771L6_0,1,2021-06-09 08:00:47,2021-06-09 08:05:06,6841.52,0.071944,95.095
780079,790062,宁A987J0_0,1,2021-06-09 08:00:40,2021-06-09 08:05:13,6841.52,0.075833,90.218
780079,790062,宁BD9328_0,1,2021-06-09 08:00:32,2021-06-09 08:05:14,6841.52,0.078333,87.339
780079,790062,宁AS575G_0,1,2021-06-09 08:00:19,2021-06-09 08:05:32,6841.52,0.086944,78.689
780079,790062,冀DX772S_0,1,2021-06-09 08:33:10,2021-06-09 08:37:58,6841.52,0.08,85.519
780079,790062,宁A9FA02_0,1,2021-06-09 08:33:40,2021-06-09 08:38:40,6841.52,0.083333,82.099
780079,790062,宁A35Z08_0,1,2021-06-09 08:33:52,2021-06-09 08:39:06,6841.52,0.087222,78.438
780079,790062,冀F78KA7_0,11,2021-06-09 08:33:15,2021-06-09 08:39:15,6841.52,0.1,68.415
780079,790062,辽CC7699_1,16,2021-06-09 08:33:16,2021-06-09 08:39:18,6841.52,0.100556,68.037
780079,790062,辽K5A465_1,16,2021-06-09 08:34:16,2021-06-09 08:40:53,6841.52,0.110278,62.039
780079,790062,宁AS968Q_0,1,2021-06-09 08:37:22,2021-06-09 08:43:04,6841.52,0.095,72.016
780079,790062,宁AEQ943_0,1,2021-06-09 08:39:21,2021-06-09 08:44:14,6841.52,0.081389,84.06
780079,790062,京K88985_0,1,2021-06-09 08:39:27,2021-06-09 08:44:50,6841.52,0.089722,76.252
780079,790062,宁AM832V_0,11,2021-06-09 08:38:24,2021-06-09 08:45:00,6841.52,0.11,62.196
780079,790062,宁AR018T_0,1,2021-06-09 09:09:16,2021-06-09 09:14:19,6841.52,0.084167,81.285
780079,790062,苏E88A8Z_0,1,2021-06-09 09:10:42,2021-06-09 09:15:12,6841.52,0.075,91.22
780079,790062,宁A3E832_0,1,2021-06-09 09:09:59,2021-06-09 09:15:16,6841.52,0.088056,77.695
780079,790062,宁A7150E_0,21,2021-06-09 09:10:41,2021-06-09 09:15:32,6841.52,0.080833,84.638
780079,790062,宁AP316P_0,11,2021-06-09 09:10:43,2021-06-09 09:15:57,6841.52,0.087222,78.438
780079,790062,宁A0R073_0,1,2021-06-09 09:11:35,2021-06-09 09:17:15,6841.52,0.094444,72.44
780079,790062,宁A5L713_0,1,2021-06-09 09:45:51,2021-06-09 09:50:52,6841.52,0.083611,81.826
780079,790062,宁BZ5888_3,1,2021-06-09 10:22:04,2021-06-09 10:27:06,6841.52,0.083889,81.554
780079,790062,宁A85S69_0,11,2021-06-09 10:21:41,2021-06-09 10:27:30,6841.52,0.096944,70.572
780079,790062,宁A9Z769_0,1,2021-06-09 10:21:59,2021-06-09 10:27:47,6841.52,0.096667,70.774
780079,790062,冀B0P525_1,16,2021-06-09 11:33:14,2021-06-09 11:39:04,6841.52,0.097222,70.37
780079,790062,宁AQ271D_0,1,2021-06-09 12:45:49,2021-06-09 12:50:44,6841.52,0.081944,83.49
780079,790062,蒙CD2325_0,1,2021-06-09 12:08:31,2021-06-09 12:14:05,6841.52,0.092778,73.741
780079,790062,蒙CK5878_0,1,2021-06-09 12:09:05,2021-06-09 12:14:37,6841.52,0.092222,74.185
780079,790062,宁AUP650_0,11,2021-06-09 12:09:53,2021-06-09 12:14:55,6841.52,0.083889,81.554
780079,790062,宁A9EX02_0,1,2021-06-09 12:09:58,2021-06-09 12:14:56,6841.52,0.082778,82.649
780079,790062,宁AA932L_0,1,2021-06-09 12:11:04,2021-06-09 12:15:46,6841.52,0.078333,87.339
780079,790062,豫RJ2379_1,16,2021-06-09 13:20:36,2021-06-09 13:26:14,6841.52,0.093889,72.868
780079,790062,辽PA1005_1,16,2021-06-09 13:21:28,2021-06-09 13:27:18,6841.52,0.097222,70.37
780079,790062,鲁H60T85_1,16,2021-06-09 13:20:54,2021-06-09 13:27:45,6841.52,0.114167,59.926
780079,790062,鲁H7P856_1,16,2021-06-09 13:21:02,2021-06-09 13:27:56,6841.52,0.115,59.491
780079,790062,宁AX971R_0,1,2021-06-09 13:24:03,2021-06-09 13:28:54,6841.52,0.080833,84.638
780079,790062,蒙CYE587_0,1,2021-06-09 13:23:47,2021-06-09 13:28:59,6841.52,0.086667,78.94
780079,790062,蒙CE9309_0,11,2021-06-09 13:22:35,2021-06-09 13:29:00,6841.52,0.106944,63.973
780079,790062,鲁Q137JS_1,16,2021-06-09 13:56:12,2021-06-09 14:02:17,6841.52,0.101389,67.478
780079,790062,蒙CQQ955_0,1,2021-06-09 15:08:39,2021-06-09 15:14:03,6841.52,0.09,76.017
780079,790062,皖M13CG7_0,1,2021-06-09 15:09:13,2021-06-09 15:14:28,6841.52,0.0875,78.189
780079,790062,鲁PT9657_1,16,2021-06-09 15:44:25,2021-06-09 15:50:36,6841.52,0.103056,66.386
780079,790062,宁AH788B_0,1,2021-06-09 20:34:35,2021-06-09 20:39:52,6841.52,0.088056,77.695
780079,790062,蒙CDT983_0,1,2021-06-09 22:54:41,2021-06-09 23:02:14,6841.52,0.125833,54.37
780079,790062,晋MZ6930_1,16,2021-06-10 01:23:27,2021-06-10 01:29:10,6841.52,0.095278,71.806
780079,790062,宁BBV920_0,11,2021-06-10 02:35:11,2021-06-10 02:41:20,6841.52,0.1025,66.747
780079,790062,青AGP655_0,1,2021-06-10 02:47:08,2021-06-10 02:52:36,6841.52,0.091111,75.09
780079,790062,宁ALZ300_0,1,2021-06-10 06:13:36,2021-06-10 06:18:22,6841.52,0.079444,86.118
780079,790062,鲁R8H91A_0,1,2021-06-10 07:59:38,2021-06-10 08:04:30,6841.52,0.081111,84.348
780079,790062,宁A5BY19_0,1,2021-06-10 10:59:19,2021-06-10 11:04:58,6841.52,0.094167,72.653
780079,790062,宁A102D5_0,11,2021-06-10 12:48:19,2021-06-10 12:52:59,6841.52,0.077778,87.962
780079,790062,宁BZ7705_0,11,2021-06-10 13:58:12,2021-06-10 14:04:16,6841.52,0.101111,67.663
780079,790062,宁A9189E_0,11,2021-06-10 16:22:48,2021-06-10 16:29:03,6841.52,0.104167,65.678
780079,790062,蒙C29166_1,16,2021-06-10 17:34:51,2021-06-10 17:40:25,6841.52,0.092778,73.741
780079,790062,宁ARC387_0,11,2021-06-10 18:47:04,2021-06-10 18:52:24,6841.52,0.088889,76.967
780079,790062,宁BC5777_0,11,2021-06-10 19:22:14,2021-06-10 19:28:19,6841.52,0.101389,67.478
780079,790062,皖KR7319_1,16,2021-06-11 02:10:12,2021-06-11 02:16:38,6841.52,0.107222,63.807
780079,790062,陕E3141P_0,1,2021-06-11 07:25:08,2021-06-11 07:30:09,6841.52,0.083611,81.826
780079,790062,宁ARK837_0,1,2021-06-11 08:02:17,2021-06-11 08:07:21,6841.52,0.084444,81.018
780079,790062,鲁AD017F_0,1,2021-06-11 08:02:54,2021-06-11 08:07:51,6841.52,0.0825,82.928
780079,790062,湘AY4R10_0,1,2021-06-11 08:02:49,2021-06-11 08:07:53,6841.52,0.084444,81.018
780079,790062,宁AM618Y_0,1,2021-06-11 11:38:11,2021-06-11 11:43:39,6841.52,0.091111,75.09
780079,790062,宁AJ952U_0,1,2021-06-12 10:27:55,2021-06-12 10:33:04,6841.52,0.085833,79.707
780079,790062,辽CC3916_1,16,2021-06-12 12:51:52,2021-06-12 12:57:27,6841.52,0.093056,73.52
780079,790062,蒙B85429_1,16,2021-06-12 12:51:35,2021-06-12 12:57:37,6841.52,0.100556,68.037
780079,790062,鲁CM8195_1,16,2021-06-12 12:51:27,2021-06-12 12:57:45,6841.52,0.105,65.157
780079,790062,豫AN8A82_0,11,2021-06-12 14:02:20,2021-06-12 14:08:50,6841.52,0.108333,63.153
780079,790062,宁AU025C_0,1,2021-06-12 14:03:50,2021-06-12 14:09:03,6841.52,0.086944,78.689
780079,790062,宁A8S030_0,1,2021-06-12 14:05:05,2021-06-12 14:09:39,6841.52,0.076111,89.889
780079,790062,蒙C0193W_0,11,2021-06-12 15:50:24,2021-06-12 15:57:19,6841.52,0.115278,59.348
780079,790062,宁A1J685_0,1,2021-06-12 17:04:50,2021-06-12 17:09:38,6841.52,0.08,85.519
780079,790062,宁CER703_0,11,2021-06-12 20:37:57,2021-06-12 20:44:26,6841.52,0.108056,63.315
780079,790062,晋KQ2513_1,16,2021-06-12 23:03:01,2021-06-12 23:08:49,6841.52,0.096667,70.774
780079,790062,晋KY0706_1,16,2021-06-12 23:02:55,2021-06-12 23:08:50,6841.52,0.098611,69.379
780079,790062,蒙CCD310_0,1,2021-06-12 23:05:41,2021-06-12 23:09:50,6841.52,0.069167,98.913
780079,790062,宁A8FJ92_0,1,2021-06-13 06:18:03,2021-06-13 06:22:56,6841.52,0.081389,84.06
780079,790062,宁AR167B_0,1,2021-06-13 06:55:58,2021-06-13 07:00:39,6841.52,0.078056,87.649
780079,790062,宁AUL100_0,1,2021-06-13 09:53:04,2021-06-13 09:59:05,6841.52,0.100278,68.226
780079,790062,宁AU268V_0,1,2021-06-13 09:54:51,2021-06-13 09:59:11,6841.52,0.072222,94.729
780079,790062,宁BB4246_0,1,2021-06-13 11:42:10,2021-06-13 11:47:16,6841.52,0.085,80.488
780079,790062,宁CZ8088_0,1,2021-06-13 12:19:13,2021-06-13 12:24:08,6841.52,0.081944,83.49
780079,790062,宁A86828_0,1,2021-06-13 14:42:55,2021-06-13 14:47:49,6841.52,0.081667,83.773
780079,790062,宁BAJ850_0,1,2021-06-13 14:06:18,2021-06-13 14:11:18,6841.52,0.083333,82.099
780079,790062,宁B60381_0,1,2021-06-13 16:29:13,2021-06-13 16:35:42,6841.52,0.108056,63.315
780079,790062,宁AH034A_0,11,2021-06-13 17:42:18,2021-06-13 17:48:07,6841.52,0.096944,70.572
780079,790062,宁BBX677_0,1,2021-06-13 17:43:48,2021-06-13 17:48:13,6841.52,0.073611,92.942
780079,790062,蒙KB8116_1,16,2021-06-14 00:24:02,2021-06-14 00:30:31,6841.52,0.108056,63.315
780079,790062,宁BBV920_0,11,2021-06-14 03:02:11,2021-06-14 03:08:43,6841.52,0.108889,62.83
780079,790062,宁A2AL20_0,11,2021-06-14 03:04:48,2021-06-14 03:10:09,6841.52,0.089167,76.727
780079,790062,宁A118A6_0,11,2021-06-14 05:45:59,2021-06-14 05:51:58,6841.52,0.099722,68.606
780079,790062,蒙B88840_1,12,2021-06-14 06:19:57,2021-06-14 06:26:22,6841.52,0.106944,63.973
780079,790062,宁AJ262U_0,1,2021-06-14 08:08:50,2021-06-14 08:14:31,6841.52,0.094722,72.227
780079,790062,宁AJ1251_1,16,2021-06-14 08:08:19,2021-06-14 08:15:07,6841.52,0.113333,60.367
780079,790062,宁AH287H_0,1,2021-06-14 08:10:21,2021-06-14 08:15:41,6841.52,0.088889,76.967
780079,790062,蒙CNY848_0,11,2021-06-14 11:06:58,2021-06-14 11:13:55,6841.52,0.115833,59.064
780079,790062,宁AF193B_0,1,2021-06-14 11:46:09,2021-06-14 11:50:45,6841.52,0.076667,89.237
780079,790062,宁A623E5_0,1,2021-06-14 11:45:16,2021-06-14 11:50:53,6841.52,0.093611,73.085
780079,790062,宁B25555_1,16,2021-06-14 18:19:06,2021-06-14 18:25:56,6841.52,0.113889,60.072
780079,790062,宁AMY193_0,1,2021-06-14 19:32:24,2021-06-14 19:37:58,6841.52,0.092778,73.741
780079,790062,宁A316U1_0,1,2021-06-15 03:02:25,2021-06-15 03:08:02,6841.52,0.093611,73.085
780079,790062,宁BAV196_0,1,2021-06-15 03:04:37,2021-06-15 03:09:42,6841.52,0.084722,80.753
780079,790062,宁A2LK87_0,11,2021-06-15 05:15:14,2021-06-15 05:22:01,6841.52,0.113056,60.514
780079,790062,宁AK0918_0,1,2021-06-15 07:35:36,2021-06-15 07:41:03,6841.52,0.090833,75.32
780079,790062,蒙KNN917_0,1,2021-06-15 07:35:30,2021-06-15 07:41:23,6841.52,0.098056,69.772
780079,790062,宁ACG929_0,1,2021-06-15 06:59:46,2021-06-15 07:04:42,6841.52,0.082222,83.208
780079,790062,宁A93F81_0,1,2021-06-15 11:10:40,2021-06-15 11:16:19,6841.52,0.094167,72.653
780079,790062,蒙CZW987_0,1,2021-06-15 13:36:01,2021-06-15 13:40:58,6841.52,0.0825,82.928
780079,790062,宁AY966P_0,1,2021-06-15 13:35:38,2021-06-15 13:41:02,6841.52,0.09,76.017
780079,790062,宁AE7361_1,22,2021-06-15 14:07:57,2021-06-15 14:16:03,6841.52,0.135,50.678
780079,790062,宁AV226N_0,1,2021-06-15 15:59:57,2021-06-15 16:04:18,6841.52,0.0725,94.366
780079,790062,宁A0KH25_0,1,2021-06-15 15:59:18,2021-06-15 16:04:42,6841.52,0.09,76.017
780079,790062,宁A69T57_0,1,2021-06-16 01:01:03,2021-06-16 01:06:22,6841.52,0.088611,77.208
780079,790062,晋J20361_9,15,2021-06-16 04:13:14,2021-06-16 04:19:51,6841.52,0.110278,62.039
780079,790062,宁A5285H_0,1,2021-06-16 07:01:47,2021-06-16 07:06:55,6841.52,0.085556,79.965
780079,790062,宁AP815D_0,1,2021-06-16 09:23:50,2021-06-16 09:30:24,6841.52,0.109444,62.512
780079,790062,蒙CLM918_0,1,2021-06-16 09:27:13,2021-06-16 09:31:45,6841.52,0.075556,90.549
780079,790062,宁AS087N_0,1,2021-06-16 09:27:31,2021-06-16 09:32:00,6841.52,0.074722,91.56
780079,790062,宁C32268_1,12,2021-06-16 08:37:29,2021-06-16 10:06:16,6841.52,1.479722,4.624
780079,790062,宁BCH099_0,11,2021-06-16 12:58:40,2021-06-16 13:07:06,6841.52,0.140556,48.675
780079,790062,甘D54990_1,16,2021-06-16 14:10:58,2021-06-16 14:18:24,6841.52,0.123889,55.223
780079,790062,晋LS5770_1,16,2021-06-16 16:36:39,2021-06-16 16:42:16,6841.52,0.093611,73.085
780079,790062,宁DU0228_0,1,2021-06-16 16:39:03,2021-06-16 16:44:20,6841.52,0.088056,77.695
780079,790062,宁AF466N_0,1,2021-06-16 21:25:50,2021-06-16 21:31:10,6841.52,0.088889,76.967
780079,790062,鲁Q207LY_1,13,2021-06-17 00:05:30,2021-06-17 00:12:32,6841.52,0.117222,58.364
780079,790062,宁AE9385_1,16,2021-06-17 06:26:41,2021-06-17 06:33:32,6841.52,0.114167,59.926
780079,790062,冀B4369H_1,16,2021-06-17 08:51:13,2021-06-17 08:57:06,6841.52,0.098056,69.772
780079,790062,宁AUC908_0,1,2021-06-17 08:51:16,2021-06-17 08:57:08,6841.52,0.097778,69.97
780079,790062,辽CD4433_1,16,2021-06-17 08:52:00,2021-06-17 08:57:48,6841.52,0.096667,70.774
780079,790062,宁A80756_0,1,2021-06-17 08:53:22,2021-06-17 08:57:56,6841.52,0.076111,89.889
780079,790062,宁BAB663_0,11,2021-06-17 10:39:13,2021-06-17 10:44:48,6841.52,0.093056,73.52
780079,790062,津C20577_1,16,2021-06-17 11:15:00,2021-06-17 11:21:48,6841.52,0.113333,60.367
780079,790062,鲁HDK489_0,1,2021-06-17 12:27:07,2021-06-17 12:32:33,6841.52,0.090556,75.55
780079,790062,宁AV772Y_0,11,2021-06-17 14:15:25,2021-06-17 14:20:45,6841.52,0.088889,76.967
780079,790062,蒙CGC535_0,11,2021-06-17 14:15:12,2021-06-17 14:21:21,6841.52,0.1025,66.747
780079,790062,蒙LRE535_0,1,2021-06-17 15:28:20,2021-06-17 15:33:24,6841.52,0.084444,81.018
780079,790062,蒙CH3036_0,1,2021-06-17 19:40:30,2021-06-17 19:45:32,6841.52,0.083889,81.554
780079,790062,宁A2W879_0,1,2021-06-17 20:17:15,2021-06-17 20:22:08,6841.52,0.081389,84.06
780079,790062,宁B76320_0,1,2021-06-17 20:17:07,2021-06-17 20:22:20,6841.52,0.086944,78.689
780079,790062,宁A8387C_0,1,2021-06-17 20:16:57,2021-06-17 20:23:13,6841.52,0.104444,65.504
780079,790062,宁AB558J_0,1,2021-06-17 20:51:42,2021-06-17 20:57:20,6841.52,0.093889,72.868
780079,790062,宁E66672_1,16,2021-06-18 00:27:11,2021-06-18 00:35:56,6841.52,0.145833,46.913
780079,790062,苏EGH537_1,12,2021-06-18 01:43:57,2021-06-18 01:51:57,6841.52,0.133333,51.312
780079,790062,宁BJ2799_0,1,2021-06-18 05:58:12,2021-06-18 06:03:08,6841.52,0.082222,83.208
780079,790062,宁AC7616_0,1,2021-06-18 07:41:45,2021-06-18 07:46:47,6841.52,0.083889,81.554
780079,790062,宁A86A00_0,1,2021-06-18 07:43:38,2021-06-18 07:48:42,6841.52,0.084444,81.018
780079,790062,宁ASP185_0,1,2021-06-18 07:43:44,2021-06-18 07:48:54,6841.52,0.086111,79.45
780079,790062,宁A1EW36_0,1,2021-06-18 09:30:10,2021-06-18 09:34:49,6841.52,0.0775,88.278
780079,790062,冀A5H6W3_0,11,2021-06-18 10:05:42,2021-06-18 10:11:44,6841.52,0.100556,68.037
780079,790062,苏JW5733_1,16,2021-06-18 11:17:36,2021-06-18 11:24:31,6841.52,0.115278,59.348
780079,790062,吉J5C300_1,16,2021-06-18 12:28:49,2021-06-18 12:36:15,6841.52,0.123889,55.223
780079,790062,蒙CVV120_0,1,2021-06-18 14:18:39,2021-06-18 14:22:48,6841.52,0.069167,98.913
780079,790062,宁AP1397_0,1,2021-06-18 14:16:43,2021-06-18 14:22:58,6841.52,0.104167,65.678
780079,790062,甘H52587_1,12,2021-06-18 14:17:48,2021-06-18 14:23:34,6841.52,0.096111,71.184
780079,790062,宁A8550C_0,1,2021-06-18 14:19:01,2021-06-18 14:23:56,6841.52,0.081944,83.49
780079,790062,宁AQ880M_0,1,2021-06-18 14:20:48,2021-06-18 14:25:03,6841.52,0.070833,96.587
780079,790062,宁BW5992_0,1,2021-06-18 14:53:59,2021-06-18 14:59:56,6841.52,0.099167,68.99
780079,790062,宁A9D933_0,1,2021-06-18 16:41:31,2021-06-18 16:46:59,6841.52,0.091111,75.09
780079,790062,宁A6444B_0,1,2021-06-18 19:42:29,2021-06-18 19:48:02,6841.52,0.0925,73.962
780079,790062,宁ACT668_0,11,2021-06-18 20:16:05,2021-06-18 20:24:01,6841.52,0.132222,51.743
780079,790062,苏ELD280_1,12,2021-06-19 01:46:26,2021-06-19 01:54:18,6841.52,0.131111,52.181
780079,790062,宁A9EY59_0,1,2021-06-19 08:54:21,2021-06-19 09:01:07,6841.52,0.112778,60.664
780079,790062,宁AU708R_0,1,2021-06-19 10:09:21,2021-06-19 10:14:06,6841.52,0.079167,86.419
780079,790062,宁A77S13_0,1,2021-06-19 12:34:52,2021-06-19 12:39:56,6841.52,0.084444,81.018
780079,790062,宁AVP999_0,1,2021-06-19 12:35:55,2021-06-19 12:40:41,6841.52,0.079444,86.118
780079,790062,宁A62P63_0,1,2021-06-19 13:08:42,2021-06-19 13:13:57,6841.52,0.0875,78.189
780079,790062,宁BV1616_0,1,2021-06-19 13:10:59,2021-06-19 13:16:27,6841.52,0.091111,75.09
780079,790062,宁AG320K_0,1,2021-06-19 13:44:43,2021-06-19 13:50:05,6841.52,0.089444,76.489
780079,790062,蒙LJN131_0,11,2021-06-19 15:28:39,2021-06-19 15:37:32,6841.52,0.148056,46.209
780079,790062,宁D79200_1,16,2021-06-19 15:31:22,2021-06-19 15:38:06,6841.52,0.112222,60.964
780079,790062,宁A580F1_0,1,2021-06-19 14:58:38,2021-06-19 15:03:55,6841.52,0.088056,77.695
780079,790062,宁BP8778_0,11,2021-06-19 16:45:43,2021-06-19 16:50:57,6841.52,0.087222,78.438
780079,790062,宁BD6016_0,1,2021-06-19 18:33:59,2021-06-19 18:38:39,6841.52,0.077778,87.962
780079,790062,宁BB7092_0,1,2021-06-19 21:35:17,2021-06-19 21:40:36,6841.52,0.088611,77.208
780079,790062,宁AVS510_0,1,2021-06-20 05:00:54,2021-06-20 05:05:59,6841.52,0.084722,80.753
780079,790062,宁A58K89_0,1,2021-06-20 05:25:22,2021-06-20 05:30:25,6841.52,0.084167,81.285
780079,790062,宁CH7305_0,1,2021-06-20 07:10:28,2021-06-20 07:15:27,6841.52,0.083056,82.372
780079,790062,宁A0HY86_0,11,2021-06-20 07:09:17,2021-06-20 07:15:40,6841.52,0.106389,64.307
780079,790062,宁AQ092P_0,11,2021-06-20 08:19:49,2021-06-20 08:28:38,6841.52,0.146944,46.559
780079,790062,宁AR8874_0,1,2021-06-20 08:24:04,2021-06-20 08:28:48,6841.52,0.078889,86.723
780079,790062,陕A69U6R_0,11,2021-06-20 08:55:59,2021-06-20 09:04:27,6841.52,0.141111,48.483
780079,790062,宁AG136M_0,11,2021-06-20 10:45:14,2021-06-20 10:52:06,6841.52,0.114444,59.781
780079,790062,宁AK076V_0,1,2021-06-20 10:47:15,2021-06-20 10:52:07,6841.52,0.081111,84.348
780079,790062,宁A43202_0,1,2021-06-20 11:23:44,2021-06-20 11:28:45,6841.52,0.083611,81.826
780079,790062,蒙CMH956_0,1,2021-06-20 12:34:59,2021-06-20 12:40:26,6841.52,0.090833,75.32
780079,790062,蒙CAR021_0,1,2021-06-20 13:46:15,2021-06-20 13:52:29,6841.52,0.103889,65.854
780079,790062,宁CKH503_0,11,2021-06-20 13:45:07,2021-06-20 13:52:32,6841.52,0.123611,55.347
780079,790062,蒙MCA008_0,1,2021-06-20 14:59:05,2021-06-20 15:03:50,6841.52,0.079167,86.419
780079,790062,宁AP684Q_0,11,2021-06-20 14:57:38,2021-06-20 15:04:05,6841.52,0.1075,63.642
780079,790062,宁BBU858_0,1,2021-06-20 20:59:09,2021-06-20 21:04:56,6841.52,0.096389,70.978
780079,790062,蒙L57591_1,16,2021-06-20 23:25:37,2021-06-20 23:32:38,6841.52,0.116944,58.503
780079,790062,宁B28157_0,1,2021-06-21 01:51:59,2021-06-21 01:57:29,6841.52,0.091667,74.634
780079,790062,宁A987H1_0,1,2021-06-21 04:50:02,2021-06-21 04:55:28,6841.52,0.090556,75.55
780079,790062,川KL939U_0,1,2021-06-21 04:59:57,2021-06-21 05:04:56,6841.52,0.083056,82.372
780079,790062,宁BA4710_0,1,2021-06-21 06:38:32,2021-06-21 06:43:40,6841.52,0.085556,79.965
780079,790062,宁A3Y950_0,1,2021-06-21 06:38:32,2021-06-21 06:43:43,6841.52,0.086389,79.194
780079,790062,宁AG5892_1,4,2021-06-21 07:11:46,2021-06-21 07:17:49,6841.52,0.100833,67.85
780079,790062,宁AH393M_0,1,2021-06-21 07:13:18,2021-06-21 07:18:03,6841.52,0.079167,86.419
780079,790062,宁A66B86_0,1,2021-06-21 07:14:21,2021-06-21 07:18:40,6841.52,0.071944,95.095
780079,790062,宁A0F521_0,1,2021-06-21 08:26:57,2021-06-21 08:31:16,6841.52,0.071944,95.095
780079,790062,蒙A767ST_0,1,2021-06-21 08:28:37,2021-06-21 08:33:23,6841.52,0.079444,86.118
780079,790062,辽CF8494_1,16,2021-06-21 09:37:18,2021-06-21 09:42:36,6841.52,0.088333,77.451
780079,790062,宁A5DZ61_0,1,2021-06-21 09:37:21,2021-06-21 09:42:50,6841.52,0.091389,74.862
780079,790062,宁AY819R_0,11,2021-06-21 08:59:50,2021-06-21 09:06:09,6841.52,0.105278,64.985
780079,790062,宁AU6610_0,1,2021-06-21 09:01:53,2021-06-21 09:06:48,6841.52,0.081944,83.49
780079,790062,宁AR0971_0,1,2021-06-21 10:13:05,2021-06-21 10:18:14,6841.52,0.085833,79.707
780079,790062,宁AZ627G_0,1,2021-06-21 17:26:46,2021-06-21 17:31:18,6841.52,0.075556,90.549
780079,790062,宁AH4900_0,1,2021-06-21 23:25:37,2021-06-21 23:30:29,6841.52,0.081111,84.348
780079,790062,宁AN691E_0,1,2021-06-22 00:03:16,2021-06-22 00:08:58,6841.52,0.095,72.016
780079,790062,宁CB2875_0,11,2021-06-22 04:54:56,2021-06-22 05:01:21,6841.52,0.106944,63.973
780079,790062,晋M6U677_0,11,2021-06-22 06:38:33,2021-06-22 06:45:37,6841.52,0.117778,58.088
780079,790062,豫BL1605_0,1,2021-06-22 06:40:25,2021-06-22 06:45:48,6841.52,0.089722,76.252
780079,790062,鲁Q563LE_1,16,2021-06-22 08:25:14,2021-06-22 08:32:01,6841.52,0.113056,60.514
780079,790062,京J13738_0,1,2021-06-22 09:39:56,2021-06-22 09:44:46,6841.52,0.080556,84.929
780079,790062,苏E25Z2S_0,1,2021-06-22 09:40:13,2021-06-22 09:44:57,6841.52,0.078889,86.723
780079,790062,宁C9F158_0,1,2021-06-22 09:40:32,2021-06-22 09:45:40,6841.52,0.085556,79.965
780079,790062,宁A6CH82_0,11,2021-06-22 10:14:31,2021-06-22 10:20:40,6841.52,0.1025,66.747
780079,790062,宁AE2060_1,16,2021-06-22 13:13:57,2021-06-22 13:20:48,6841.52,0.114167,59.926
780079,790062,宁BA5973_0,1,2021-06-22 15:04:18,2021-06-22 15:08:40,6841.52,0.072778,94.005
780079,790062,宁B57831_0,1,2021-06-22 16:51:38,2021-06-22 16:56:26,6841.52,0.08,85.519
780079,790062,甘M9L726_0,11,2021-06-22 21:01:39,2021-06-22 21:08:59,6841.52,0.122222,55.976
780079,790062,宁A2C921_0,11,2021-06-23 04:22:59,2021-06-23 04:29:24,6841.52,0.106944,63.973
780079,790062,宁AN629C_0,1,2021-06-23 05:29:27,2021-06-23 05:34:25,6841.52,0.082778,82.649
780079,790062,宁A65G87_0,1,2021-06-23 07:55:43,2021-06-23 08:00:39,6841.52,0.082222,83.208
780079,790062,冀B5823U_1,16,2021-06-23 08:28:16,2021-06-23 08:34:50,6841.52,0.109444,62.512
780079,790062,宁AQZ972_0,1,2021-06-23 08:30:58,2021-06-23 08:36:10,6841.52,0.086667,78.94
780079,790062,宁A91N25_0,11,2021-06-23 08:30:24,2021-06-23 08:36:20,6841.52,0.098889,69.184
780079,790062,宁AV107J_0,11,2021-06-23 08:31:06,2021-06-23 08:36:44,6841.52,0.093889,72.868
780079,790062,甘D6F902_0,1,2021-06-23 13:54:37,2021-06-23 13:59:35,6841.52,0.082778,82.649
780079,790062,宁AD8158_1,12,2021-06-23 14:29:45,2021-06-23 14:35:45,6841.52,0.1,68.415
780079,790062,宁A0986A_0,11,2021-06-23 15:42:15,2021-06-23 15:47:44,6841.52,0.091389,74.862
780079,790062,宁AR360R_0,1,2021-06-23 19:53:23,2021-06-23 19:59:12,6841.52,0.096944,70.572
780079,790062,宁AC7057_0,1,2021-06-24 05:35:31,2021-06-24 05:40:23,6841.52,0.081111,84.348
780079,790062,甘AM7Q18_0,1,2021-06-24 07:57:13,2021-06-24 08:02:43,6841.52,0.091667,74.634
780079,790062,宁BS8726_0,11,2021-06-24 07:57:21,2021-06-24 08:02:57,6841.52,0.093333,73.302
780079,790062,宁A54G02_0,11,2021-06-24 07:57:11,2021-06-24 08:03:08,6841.52,0.099167,68.99
780079,790062,宁AC7616_0,1,2021-06-24 10:20:14,2021-06-24 10:25:44,6841.52,0.091667,74.634
780079,790062,宁A5AN57_0,11,2021-06-24 10:20:27,2021-06-24 10:26:05,6841.52,0.093889,72.868
780079,790062,辽CF3903_1,16,2021-06-24 10:19:21,2021-06-24 10:26:09,6841.52,0.113333,60.367
780079,790062,宁DFK800_0,1,2021-06-24 10:55:21,2021-06-24 11:01:35,6841.52,0.103889,65.854
780079,790062,宁CFJ533_0,11,2021-06-24 12:42:57,2021-06-24 12:49:15,6841.52,0.105,65.157
780079,790062,宁A2CN62_0,11,2021-06-24 13:19:17,2021-06-24 13:25:49,6841.52,0.108889,62.83
780079,790062,蒙B79210_1,16,2021-06-24 14:31:16,2021-06-24 14:37:27,6841.52,0.103056,66.386
780079,790062,宁A3DP53_0,11,2021-06-24 13:55:47,2021-06-24 14:01:43,6841.52,0.098889,69.184
780079,790062,蒙K1390Y_0,1,2021-06-24 16:20:41,2021-06-24 16:26:26,6841.52,0.095833,71.39
780079,790062,宁D79560_1,16,2021-06-24 17:31:21,2021-06-24 17:37:41,6841.52,0.105556,64.814
780079,790062,宁AD777P_0,1,2021-06-24 18:44:04,2021-06-24 18:49:21,6841.52,0.088056,77.695
780079,790062,宁AV851F_0,11,2021-06-25 08:34:13,2021-06-25 08:39:43,6841.52,0.091667,74.634
780079,790062,宁AB6109_1,13,2021-06-25 07:58:10,2021-06-25 08:04:26,6841.52,0.104444,65.504
780079,790062,宁BAF683_0,1,2021-06-25 07:59:21,2021-06-25 08:04:31,6841.52,0.086111,79.45
780079,790062,宁AC810J_0,1,2021-06-25 08:00:15,2021-06-25 08:05:44,6841.52,0.091389,74.862
780079,790062,豫RB3931_1,16,2021-06-25 09:45:14,2021-06-25 09:51:31,6841.52,0.104722,65.33
780079,790062,蒙ANX003_0,1,2021-06-25 09:46:46,2021-06-25 09:51:42,6841.52,0.082222,83.208
780079,790062,辽KFE201_0,1,2021-06-25 09:47:13,2021-06-25 09:52:24,6841.52,0.086389,79.194
780079,790062,宁AL023M_0,11,2021-06-25 10:21:48,2021-06-25 10:28:14,6841.52,0.107222,63.807
780079,790062,蒙CAH320_0,1,2021-06-25 12:10:46,2021-06-25 12:16:21,6841.52,0.093056,73.52
780079,790062,冀A7367Z_1,16,2021-06-25 12:10:30,2021-06-25 12:16:53,6841.52,0.106389,64.307
780079,790062,宁AN386D_0,11,2021-06-25 13:20:40,2021-06-25 13:27:31,6841.52,0.114167,59.926
780079,790062,宁A6331K_0,1,2021-06-25 21:46:52,2021-06-25 21:51:45,6841.52,0.081389,84.06
780079,790062,宁AD7702_1,12,2021-06-25 21:45:16,2021-06-25 21:51:59,6841.52,0.111944,61.116
780079,790062,宁DG2133_0,1,2021-06-26 00:48:59,2021-06-26 00:54:09,6841.52,0.086111,79.45
780079,790062,宁AE9150_1,4,2021-06-26 07:23:45,2021-06-26 07:29:36,6841.52,0.0975,70.169
780079,790062,宁ASW850_0,11,2021-06-26 07:25:32,2021-06-26 07:31:20,6841.52,0.096667,70.774
780079,790062,宁A4E929_0,1,2021-06-26 08:36:19,2021-06-26 08:41:36,6841.52,0.088056,77.695
780079,790062,宁A8S030_0,1,2021-06-26 09:48:26,2021-06-26 09:53:48,6841.52,0.089444,76.489
780079,790062,宁ACK206_0,1,2021-06-26 09:12:44,2021-06-26 09:17:52,6841.52,0.085556,79.965
780079,790062,宁BR6552_0,1,2021-06-26 11:36:26,2021-06-26 11:42:01,6841.52,0.093056,73.52
780079,790062,宁A262E2_0,11,2021-06-26 14:37:33,2021-06-26 14:43:21,6841.52,0.096667,70.774
780079,790062,宁AH828Z_0,1,2021-06-26 14:38:41,2021-06-26 14:43:47,6841.52,0.085,80.488
780079,790062,宁A3276G_0,1,2021-06-26 15:13:33,2021-06-26 15:18:36,6841.52,0.084167,81.285
780079,790062,宁AHY666_0,1,2021-06-26 16:25:02,2021-06-26 16:30:56,6841.52,0.098333,69.575
780079,790062,宁A8GH19_0,1,2021-06-26 20:38:26,2021-06-26 20:43:40,6841.52,0.087222,78.438
780079,790062,苏JW5733_1,16,2021-06-26 21:10:55,2021-06-26 21:18:16,6841.52,0.1225,55.849
780079,790062,宁AD752Y_0,1,2021-06-26 23:37:38,2021-06-26 23:42:58,6841.52,0.088889,76.967
780079,790062,苏EGH537_1,12,2021-06-27 01:34:26,2021-06-27 01:42:14,6841.52,0.13,52.627
780079,790062,宁AXV897_0,11,2021-06-27 05:02:31,2021-06-27 05:09:49,6841.52,0.121667,56.232
780079,790062,宁A5JN79_0,11,2021-06-27 05:06:15,2021-06-27 05:12:10,6841.52,0.098611,69.379
780079,790062,宁AG5602_1,16,2021-06-27 06:14:53,2021-06-27 06:21:09,6841.52,0.104444,65.504
780079,790062,宁AE441D_0,1,2021-06-27 07:28:11,2021-06-27 07:33:29,6841.52,0.088333,77.451
780079,790062,冀JDS266_0,1,2021-06-27 07:27:58,2021-06-27 07:33:30,6841.52,0.092222,74.185
780079,790062,宁ASX556_0,1,2021-06-27 09:52:34,2021-06-27 09:57:28,6841.52,0.081667,83.773
780079,790062,宁AS166S_0,1,2021-06-27 09:52:43,2021-06-27 09:57:34,6841.52,0.080833,84.638
780079,790062,鲁PY6901_1,16,2021-06-27 11:02:26,2021-06-27 11:08:54,6841.52,0.107778,63.478
780079,790062,宁A9012F_0,1,2021-06-27 12:15:48,2021-06-27 12:20:41,6841.52,0.081389,84.06
780079,790062,宁BAY586_0,1,2021-06-27 14:38:58,2021-06-27 14:44:47,6841.52,0.096944,70.572
780079,790062,宁CEB111_0,1,2021-06-27 15:52:35,2021-06-27 15:57:01,6841.52,0.073889,92.592
780079,790062,宁AY520T_0,1,2021-06-27 15:15:26,2021-06-27 15:20:55,6841.52,0.091389,74.862
780079,790062,宁AK8955_1,16,2021-06-27 17:38:18,2021-06-27 17:44:37,6841.52,0.105278,64.985
780079,790062,宁A0728D_0,1,2021-06-27 18:16:34,2021-06-27 18:21:24,6841.52,0.080556,84.929
780079,790062,冀RF3506_1,16,2021-06-27 18:51:13,2021-06-27 18:57:49,6841.52,0.11,62.196
780079,790062,甘M4C140_0,1,2021-06-27 22:28:39,2021-06-27 22:33:02,6841.52,0.073056,93.648
780079,790062,宁AV4099_0,1,2021-06-28 01:32:17,2021-06-28 01:37:25,6841.52,0.085556,79.965
780079,790062,苏ELD280_1,12,2021-06-28 01:34:08,2021-06-28 01:41:59,6841.52,0.130833,52.292
780079,790062,冀GS0055_0,1,2021-06-28 05:43:02,2021-06-28 05:48:04,6841.52,0.083889,81.554
780079,790062,宁BU8000_0,1,2021-06-28 05:44:38,2021-06-28 05:49:34,6841.52,0.082222,83.208
780079,790062,宁A6A213_0,1,2021-06-28 06:19:27,2021-06-28 06:24:33,6841.52,0.085,80.488
780079,790062,宁A8EM38_0,1,2021-06-28 08:06:44,2021-06-28 08:11:14,6841.52,0.075,91.22
780079,790062,冀FN7916_1,16,2021-06-28 10:26:53,2021-06-28 10:34:45,6841.52,0.131111,52.181
780079,790062,豫RKZ332_1,16,2021-06-28 11:41:14,2021-06-28 11:47:17,6841.52,0.100833,67.85
780079,790062,宁CD0119_1,16,2021-06-28 12:52:26,2021-06-28 12:58:44,6841.52,0.105,65.157
780079,790062,宁A915K9_0,1,2021-06-28 14:42:22,2021-06-28 14:47:04,6841.52,0.078333,87.339
780079,790062,豫EZ7833_1,16,2021-06-28 15:52:47,2021-06-28 15:58:56,6841.52,0.1025,66.747
780079,790062,宁AV903S_0,11,2021-06-28 22:34:34,2021-06-28 22:39:39,6841.52,0.084722,80.753
780079,790062,宁B1B125_0,1,2021-06-28 22:35:20,2021-06-28 22:40:39,6841.52,0.088611,77.208
780079,790062,宁AZ508H_0,1,2021-06-29 02:14:45,2021-06-29 02:19:26,6841.52,0.078056,87.649
780079,790062,宁A8BW28_0,1,2021-06-29 06:23:26,2021-06-29 06:28:29,6841.52,0.084167,81.285
780079,790062,蒙C86011_0,1,2021-06-29 08:45:37,2021-06-29 08:50:25,6841.52,0.08,85.519
780079,790062,宁AHT050_0,1,2021-06-29 09:19:49,2021-06-29 09:25:18,6841.52,0.091389,74.862
780079,790062,宁A211K1_0,1,2021-06-29 09:20:58,2021-06-29 09:25:50,6841.52,0.081111,84.348
780079,790062,宁AV826G_0,1,2021-06-29 09:56:47,2021-06-29 10:01:26,6841.52,0.0775,88.278
780079,790062,辽CD1000_1,16,2021-06-29 12:20:57,2021-06-29 12:26:21,6841.52,0.09,76.017
780079,790062,宁A39Q01_0,11,2021-06-29 15:15:52,2021-06-29 15:26:18,6841.52,0.173889,39.344
780079,790062,宁A9X329_0,1,2021-06-29 16:33:12,2021-06-29 16:38:27,6841.52,0.0875,78.189
780079,790062,宁AC596R_0,11,2021-06-29 17:41:24,2021-06-29 17:49:43,6841.52,0.138611,49.358
780079,790062,宁AC7715_0,11,2021-06-29 19:28:46,2021-06-29 19:37:21,6841.52,0.143056,47.824
780079,790062,宁A096F2_0,1,2021-06-29 22:32:59,2021-06-29 22:39:17,6841.52,0.105,65.157
780079,790062,宁DBQ153_0,1,2021-06-30 00:21:17,2021-06-30 00:26:18,6841.52,0.083611,81.826
780079,790062,宁AA3357_1,2,2021-06-30 00:28:32,2021-06-30 00:34:25,6841.52,0.098056,69.772
780079,790062,宁B61071_0,11,2021-06-30 05:46:05,2021-06-30 05:51:08,6841.52,0.084167,81.285
780079,790062,宁AA0373_1,12,2021-06-30 08:09:07,2021-06-30 08:15:30,6841.52,0.106389,64.307
780079,790062,豫P37794_1,4,2021-06-30 10:33:07,2021-06-30 10:39:39,6841.52,0.108889,62.83
780079,790062,宁AJ002E_0,1,2021-06-30 10:34:40,2021-06-30 10:39:40,6841.52,0.083333,82.099
780079,790062,沪C5TA72_0,1,2021-06-30 10:34:30,2021-06-30 10:39:53,6841.52,0.089722,76.252
780079,790062,宁A3D725_0,11,2021-06-30 15:20:29,2021-06-30 15:28:55,6841.52,0.140556,48.675
780079,790062,宁AK252A_0,1,2021-06-30 15:59:00,2021-06-30 16:04:03,6841.52,0.084167,81.285
780079,790062,宁AH929C_0,1,2021-06-30 19:00:34,2021-06-30 19:05:34,6841.52,0.083333,82.099
780079,790062,鲁Q165FR_1,16,2021-06-30 21:58:03,2021-06-30 22:04:56,6841.52,0.114722,59.636
780079,790062,苏ELD280_1,12,2021-07-01 01:33:17,2021-07-01 01:40:48,6841.52,0.125278,54.611
780079,790062,蒙CLT531_0,1,2021-07-01 06:25:51,2021-07-01 06:30:48,6841.52,0.0825,82.928
780079,790062,宁A1GC02_0,1,2021-07-01 07:37:03,2021-07-01 07:42:08,6841.52,0.084722,80.753
780079,790062,宁A5BQ91_0,1,2021-07-01 09:25:28,2021-07-01 09:30:25,6841.52,0.0825,82.928
780079,790062,冀A222AM_1,16,2021-07-01 10:00:41,2021-07-01 10:06:38,6841.52,0.099167,68.99
780079,790062,蒙CEE925_0,1,2021-07-01 11:13:50,2021-07-01 11:18:25,6841.52,0.076389,89.562
780079,790062,辽P75929_1,16,2021-07-01 11:47:43,2021-07-01 11:55:02,6841.52,0.121944,56.104
780079,790062,豫EB1330_9,16,2021-07-01 13:01:05,2021-07-01 13:06:44,6841.52,0.094167,72.653
780079,790062,宁BW1968_0,1,2021-07-01 16:01:33,2021-07-01 16:06:55,6841.52,0.089444,76.489
780079,790062,宁CR7088_0,1,2021-07-01 16:01:57,2021-07-01 16:06:56,6841.52,0.083056,82.372
780079,790062,宁BG8235_0,1,2021-07-01 16:02:54,2021-07-01 16:07:25,6841.52,0.075278,90.883
780079,790062,宁AR750Z_0,1,2021-07-01 23:56:14,2021-07-02 00:01:35,6841.52,0.089167,76.727
780079,790062,宁B77379_1,12,2021-07-02 04:52:02,2021-07-02 04:59:43,6841.52,0.128056,53.426
780079,790062,宁AU715V_0,1,2021-07-02 05:54:18,2021-07-02 05:58:35,6841.52,0.071389,95.834
780079,790062,宁A2NW52_0,1,2021-07-02 05:54:22,2021-07-02 05:58:51,6841.52,0.074722,91.56
780079,790062,宁A02T18_0,1,2021-07-02 08:15:12,2021-07-02 08:20:37,6841.52,0.090278,75.783
780079,790062,宁ADQ830_0,1,2021-07-02 08:14:54,2021-07-02 08:20:38,6841.52,0.095556,71.597
780079,790062,川A8855T_0,1,2021-07-02 08:15:48,2021-07-02 08:21:07,6841.52,0.088611,77.208
780079,790062,宁A18B79_0,1,2021-07-02 08:16:26,2021-07-02 08:21:19,6841.52,0.081389,84.06
780079,790062,鲁B1515U_0,1,2021-07-02 08:17:18,2021-07-02 08:22:04,6841.52,0.079444,86.118
780079,790062,宁A11028_0,1,2021-07-02 09:27:15,2021-07-02 09:32:46,6841.52,0.091944,74.41
780079,790062,宁BV8115_0,11,2021-07-02 11:51:05,2021-07-02 11:57:18,6841.52,0.103611,66.031
780079,790062,宁AG3667_1,16,2021-07-02 16:02:16,2021-07-02 16:08:56,6841.52,0.111111,61.574
780079,790062,宁A3603F_0,1,2021-07-02 17:51:33,2021-07-02 17:56:29,6841.52,0.082222,83.208
780079,790062,蒙KG7297_1,16,2021-07-02 20:13:12,2021-07-02 20:20:27,6841.52,0.120833,56.62
780079,790062,宁AR157N_0,1,2021-07-02 21:28:31,2021-07-02 21:33:17,6841.52,0.079444,86.118
780079,790062,苏EGH537_1,12,2021-07-03 01:48:44,2021-07-03 01:56:16,6841.52,0.125556,54.49
780079,790062,宁BH0227_0,11,2021-07-03 06:29:09,2021-07-03 06:34:42,6841.52,0.0925,73.962
780079,790062,宁A9GQ55_0,1,2021-07-03 08:18:28,2021-07-03 08:23:31,6841.52,0.084167,81.285
780079,790062,宁A8D269_0,1,2021-07-03 09:29:35,2021-07-03 09:34:42,6841.52,0.085278,80.226
780079,790062,宁AB6618_1,12,2021-07-03 10:05:32,2021-07-03 10:12:05,6841.52,0.109167,62.67
780079,790062,宁AB817K_0,1,2021-07-03 13:43:21,2021-07-03 13:48:06,6841.52,0.079167,86.419
780079,790062,鄂FTA858_1,16,2021-07-03 14:53:01,2021-07-03 14:58:54,6841.52,0.098056,69.772
780079,790062,蒙CK5362_0,1,2021-07-03 16:05:47,2021-07-03 16:10:53,6841.52,0.085,80.488
780079,790062,宁AL926A_0,1,2021-07-03 19:43:26,2021-07-03 19:48:07,6841.52,0.078056,87.649
780079,790062,宁A7Z696_0,1,2021-07-04 06:32:49,2021-07-04 06:37:48,6841.52,0.083056,82.372
780079,790062,蒙AX3843_1,16,2021-07-04 09:30:50,2021-07-04 09:37:47,6841.52,0.115833,59.064
780079,790062,渝D59R93_0,1,2021-07-04 10:44:47,2021-07-04 10:49:32,6841.52,0.079167,86.419
780079,790062,宁AMG996_0,1,2021-07-04 13:07:53,2021-07-04 13:13:49,6841.52,0.098889,69.184
780079,790062,蒙CQQ278_0,1,2021-07-04 16:08:08,2021-07-04 16:13:50,6841.52,0.095,72.016
780079,790062,宁AS018X_0,1,2021-07-04 18:32:16,2021-07-04 18:38:42,6841.52,0.107222,63.807
780079,790062,宁A016Z1_0,11,2021-07-05 08:56:20,2021-07-05 09:04:03,6841.52,0.128611,53.195
780079,790062,蒙B539JE_0,11,2021-07-05 08:55:52,2021-07-05 09:05:03,6841.52,0.153056,44.699
780079,790062,蒙CFW887_0,1,2021-07-05 09:34:17,2021-07-05 09:39:45,6841.52,0.091111,75.09
780079,790062,蒙C00033_0,1,2021-07-05 11:23:01,2021-07-05 11:27:59,6841.52,0.082778,82.649
780079,790062,蒙JFH012_0,1,2021-07-05 11:58:05,2021-07-05 12:04:17,6841.52,0.103333,66.208
780079,790062,蒙CAG590_0,1,2021-07-05 11:59:54,2021-07-05 12:05:06,6841.52,0.086667,78.94
780079,790062,宁A26E09_0,1,2021-07-05 14:23:10,2021-07-05 14:28:15,6841.52,0.084722,80.753
780079,790062,甘MY8920_0,1,2021-07-05 21:19:46,2021-07-05 21:41:39,6841.52,0.364722,18.758
780079,790062,宁BX5056_0,1,2021-07-06 00:04:22,2021-07-06 00:09:00,6841.52,0.077222,88.595
780079,790062,宁AU187R_0,1,2021-07-06 00:04:58,2021-07-06 00:10:48,6841.52,0.097222,70.37
780079,790062,宁A5DL78_0,1,2021-07-06 00:05:50,2021-07-06 00:11:21,6841.52,0.091944,74.41
780079,790062,鲁Q671JN_1,16,2021-07-06 03:06:19,2021-07-06 03:14:04,6841.52,0.129167,52.966
780079,790062,宁EAR359_0,11,2021-07-06 06:38:46,2021-07-06 06:43:32,6841.52,0.079444,86.118
780079,790062,宁AXB593_0,1,2021-07-06 12:36:57,2021-07-06 12:42:50,6841.52,0.098056,69.772
780079,790062,宁A1Y082_0,1,2021-07-06 13:13:51,2021-07-06 13:18:22,6841.52,0.075278,90.883
780079,790062,蒙CYJ813_0,1,2021-07-06 16:12:48,2021-07-06 16:18:55,6841.52,0.101944,67.111
780079,790062,宁CHX611_0,1,2021-07-06 21:37:48,2021-07-06 21:42:54,6841.52,0.085,80.488
780079,790062,宁A22R33_0,1,2021-07-07 06:39:48,2021-07-07 06:44:26,6841.52,0.077222,88.595
780079,790062,宁A569C6_0,1,2021-07-07 06:04:32,2021-07-07 06:09:19,6841.52,0.079722,85.817
780079,790062,宁A737U5_0,11,2021-07-07 08:26:23,2021-07-07 08:32:09,6841.52,0.096111,71.184
780079,790062,宁A9ND96_0,1,2021-07-07 08:27:27,2021-07-07 08:32:23,6841.52,0.082222,83.208
780079,790062,宁AQ220M_0,1,2021-07-07 09:39:04,2021-07-07 09:45:05,6841.52,0.100278,68.226
780079,790062,宁AMB111_0,11,2021-07-07 10:50:49,2021-07-07 10:56:05,6841.52,0.087778,77.941
780079,790062,宁A9EP22_0,11,2021-07-07 12:03:09,2021-07-07 12:08:33,6841.52,0.09,76.017
780079,790062,冀C95263_1,16,2021-07-07 13:51:13,2021-07-07 13:57:04,6841.52,0.0975,70.169
780079,790062,蒙CSX368_0,11,2021-07-07 13:49:34,2021-07-07 13:57:25,6841.52,0.130833,52.292
780079,790062,宁A3A179_0,1,2021-07-07 13:15:38,2021-07-07 13:20:14,6841.52,0.076667,89.237
780079,790062,宁A1576L_0,1,2021-07-07 20:26:42,2021-07-07 20:32:19,6841.52,0.093611,73.085
780079,790062,蒙C37398_1,12,2021-07-08 03:38:36,2021-07-08 03:45:08,6841.52,0.108889,62.83
780079,790062,宁A0899D_0,1,2021-07-08 04:22:42,2021-07-08 04:28:28,6841.52,0.096111,71.184
780079,790062,宁CBQ783_0,11,2021-07-08 06:02:04,2021-07-08 06:10:01,6841.52,0.1325,51.634
780079,790062,宁A56780_0,1,2021-07-08 07:17:58,2021-07-08 07:22:29,6841.52,0.075278,90.883
780079,790062,宁A2837E_0,1,2021-07-08 09:05:24,2021-07-08 09:10:29,6841.52,0.084722,80.753
780079,790062,宁A792T2_0,1,2021-07-08 09:40:09,2021-07-08 09:46:13,6841.52,0.101111,67.663
780079,790062,宁A8V391_0,1,2021-07-08 10:17:30,2021-07-08 10:22:16,6841.52,0.079444,86.118
780079,790062,甘H52587_1,12,2021-07-08 14:27:44,2021-07-08 14:34:06,6841.52,0.106111,64.475
780079,790062,宁AJ5310_1,16,2021-07-08 18:03:23,2021-07-08 18:10:41,6841.52,0.121667,56.232
780079,790062,宁AX125Q_0,1,2021-07-09 13:55:07,2021-07-09 14:00:58,6841.52,0.0975,70.169
780079,790062,宁A7JP32_0,11,2021-07-09 16:55:47,2021-07-09 17:01:19,6841.52,0.092222,74.185
780079,790062,宁BR8689_0,1,2021-07-09 19:57:05,2021-07-09 20:01:48,6841.52,0.078611,87.03
780079,790062,蒙L55192_1,16,2021-07-10 01:21:08,2021-07-10 01:27:09,6841.52,0.100278,68.226
780079,790062,宁A6JC23_0,1,2021-07-10 06:45:22,2021-07-10 06:50:28,6841.52,0.085,80.488
780079,790062,宁AB965J_0,11,2021-07-10 07:57:04,2021-07-10 08:03:08,6841.52,0.101111,67.663
780079,790062,冀B3758W_1,16,2021-07-10 12:43:58,2021-07-10 12:50:24,6841.52,0.107222,63.807
780079,790062,蒙CUV399_0,1,2021-07-10 12:10:54,2021-07-10 12:16:23,6841.52,0.091389,74.862
780079,790062,晋AU768Q_0,1,2021-07-10 15:08:51,2021-07-10 15:14:58,6841.52,0.101944,67.111
780079,790062,宁AJQ092_0,1,2021-07-10 15:45:29,2021-07-10 15:50:29,6841.52,0.083333,82.099
780079,790062,宁B52551_0,1,2021-07-10 15:46:34,2021-07-10 15:51:07,6841.52,0.075833,90.218
780079,790062,蒙C0CW55_0,1,2021-07-10 15:46:35,2021-07-10 15:51:18,6841.52,0.078611,87.03
780079,790062,冀A36ND3_0,11,2021-07-10 16:21:55,2021-07-10 16:28:15,6841.52,0.105556,64.814
780079,790062,冀EV5669_1,16,2021-07-10 19:57:42,2021-07-10 20:03:05,6841.52,0.089722,76.252
780079,790062,鲁NE0906_1,16,2021-07-10 21:07:33,2021-07-10 21:14:51,6841.52,0.121667,56.232
780079,790062,宁AL0966_1,16,2021-07-11 04:58:28,2021-07-11 05:04:43,6841.52,0.104167,65.678
780079,790062,宁AW2628_0,11,2021-07-11 04:58:55,2021-07-11 05:06:16,6841.52,0.1225,55.849
780079,790062,蒙B88840_1,12,2021-07-11 06:10:06,2021-07-11 06:16:39,6841.52,0.109167,62.67
780079,790062,宁AV278G_0,1,2021-07-11 06:13:17,2021-07-11 06:18:11,6841.52,0.081667,83.773
780079,790062,宁AP997R_0,1,2021-07-11 08:36:48,2021-07-11 08:41:31,6841.52,0.078611,87.03
780079,790062,宁A8E527_0,1,2021-07-11 09:11:29,2021-07-11 09:16:51,6841.52,0.089444,76.489
780079,790062,宁AQ782R_0,11,2021-07-11 10:23:10,2021-07-11 10:29:00,6841.52,0.097222,70.37
780079,790062,宁BA3999_0,1,2021-07-11 11:36:40,2021-07-11 11:40:57,6841.52,0.071389,95.834
780079,790062,宁A950H6_0,11,2021-07-11 16:24:03,2021-07-11 16:28:55,6841.52,0.081111,84.348
780079,790062,蒙CAF569_0,1,2021-07-11 18:11:57,2021-07-11 18:16:50,6841.52,0.081389,84.06
780079,790062,宁BQ7695_0,1,2021-07-12 06:13:54,2021-07-12 06:18:40,6841.52,0.079444,86.118
780079,790062,宁ADL372_0,1,2021-07-12 06:50:19,2021-07-12 06:54:55,6841.52,0.076667,89.237
780079,790062,宁AG030E_0,1,2021-07-12 06:50:17,2021-07-12 06:55:30,6841.52,0.086944,78.689
780079,790062,宁A6JK83_0,1,2021-07-12 08:02:35,2021-07-12 08:07:15,6841.52,0.077778,87.962
780079,790062,宁AH9119_0,1,2021-07-12 08:02:52,2021-07-12 08:07:24,6841.52,0.075556,90.549
780079,790062,宁BG3971_0,1,2021-07-12 10:26:19,2021-07-12 10:31:11,6841.52,0.081111,84.348
780079,790062,宁BN0602_0,1,2021-07-12 10:25:51,2021-07-12 10:31:24,6841.52,0.0925,73.962
780079,790062,宁BC6606_0,1,2021-07-12 18:13:50,2021-07-12 18:18:59,6841.52,0.085833,79.707
780079,790062,宁A79H97_0,1,2021-07-12 23:04:21,2021-07-12 23:09:27,6841.52,0.085,80.488
780079,790062,宁A332R5_0,11,2021-07-12 23:37:50,2021-07-12 23:43:23,6841.52,0.0925,73.962
780079,790062,宁A8KN56_0,1,2021-07-13 09:51:52,2021-07-13 09:57:17,6841.52,0.090278,75.783
780079,790062,宁A7JF62_0,1,2021-07-13 09:16:34,2021-07-13 09:21:13,6841.52,0.0775,88.278
780079,790062,宁A0HS20_0,1,2021-07-13 09:16:25,2021-07-13 09:21:14,6841.52,0.080278,85.223
780079,790062,宁A7447E_0,11,2021-07-13 09:16:03,2021-07-13 09:21:17,6841.52,0.087222,78.438
780079,790062,蒙CBM930_0,1,2021-07-13 11:04:04,2021-07-13 11:09:07,6841.52,0.084167,81.285
780079,790062,宁A5BM90_0,11,2021-07-13 11:39:42,2021-07-13 11:46:50,6841.52,0.118889,57.545
780079,790062,宁B92048_1,12,2021-07-13 11:39:34,2021-07-13 11:47:02,6841.52,0.124444,54.977
780079,790062,宁AX009A_0,1,2021-07-13 11:42:30,2021-07-13 11:47:12,6841.52,0.078333,87.339
780079,790062,宁BR1903_0,1,2021-07-13 12:16:15,2021-07-13 12:21:39,6841.52,0.09,76.017
780079,790062,宁A1KU85_0,1,2021-07-13 12:51:26,2021-07-13 12:57:27,6841.52,0.100278,68.226
780079,790062,宁A89E93_0,1,2021-07-13 12:52:00,2021-07-13 12:57:02,6841.52,0.083889,81.554
780079,790062,蒙CPZ568_0,1,2021-07-13 17:40:45,2021-07-13 17:46:15,6841.52,0.091667,74.634
780079,790062,宁A6821D_0,1,2021-07-13 19:29:35,2021-07-13 19:34:32,6841.52,0.0825,82.928
780079,790062,宁ANR977_0,1,2021-07-13 21:55:36,2021-07-13 22:00:55,6841.52,0.088611,77.208
780079,790062,宁A3L652_0,1,2021-07-14 00:17:50,2021-07-14 00:22:47,6841.52,0.0825,82.928
780079,790062,宁AE3732_1,13,2021-07-14 03:33:19,2021-07-14 03:39:15,6841.52,0.098889,69.184
780079,790062,宁AY731V_0,1,2021-07-14 03:53:21,2021-07-14 03:59:06,6841.52,0.095833,71.39
780079,790062,陕J6S335_0,1,2021-07-14 06:18:48,2021-07-14 06:24:23,6841.52,0.093056,73.52
780079,790062,宁A2867J_0,1,2021-07-14 08:07:30,2021-07-14 08:12:11,6841.52,0.078056,87.649
780079,790062,宁A0DU99_0,1,2021-07-14 08:43:16,2021-07-14 08:47:56,6841.52,0.077778,87.962
780079,790062,宁AD5017_1,16,2021-07-14 08:42:05,2021-07-14 08:48:25,6841.52,0.105556,64.814
780079,790062,宁AZ798G_0,1,2021-07-14 09:17:39,2021-07-14 09:23:30,6841.52,0.0975,70.169
780079,790062,宁CBQ783_0,11,2021-07-14 09:52:34,2021-07-14 09:59:21,6841.52,0.113056,60.514
780079,790062,蒙CBJ651_0,1,2021-07-14 09:54:40,2021-07-14 09:59:30,6841.52,0.080556,84.929
780079,790062,陕B58003_1,16,2021-07-14 10:27:50,2021-07-14 10:35:16,6841.52,0.123889,55.223
780079,790062,宁A08Q01_0,1,2021-07-14 10:29:33,2021-07-14 10:35:17,6841.52,0.095556,71.597
780079,790062,蒙CAT393_0,1,2021-07-14 11:07:21,2021-07-14 11:11:56,6841.52,0.076389,89.562
780079,790062,宁B83711_0,1,2021-07-14 12:54:22,2021-07-14 13:00:30,6841.52,0.102222,66.928
780079,790062,宁A130Y5_0,1,2021-07-14 12:55:50,2021-07-14 13:00:42,6841.52,0.081111,84.348
780079,790062,宁B59159_0,1,2021-07-14 12:56:24,2021-07-14 13:01:32,6841.52,0.085556,79.965
780079,790062,宁A3239B_0,1,2021-07-14 14:42:49,2021-07-14 14:47:53,6841.52,0.084444,81.018
780079,790062,宁A0V380_0,1,2021-07-14 14:42:45,2021-07-14 14:48:01,6841.52,0.087778,77.941
780079,790062,宁A6928B_0,1,2021-07-14 15:18:59,2021-07-14 15:23:37,6841.52,0.077222,88.595
780079,790062,宁AX366V_0,1,2021-07-14 16:30:27,2021-07-14 16:35:29,6841.52,0.083889,81.554
780079,790062,宁B13958_0,1,2021-07-14 17:42:49,2021-07-14 17:47:39,6841.52,0.080556,84.929
780079,790062,蒙CQC939_0,1,2021-07-14 17:04:52,2021-07-14 17:11:38,6841.52,0.112778,60.664
780079,790062,宁AUU055_0,1,2021-07-14 17:06:56,2021-07-14 17:12:03,6841.52,0.085278,80.226
780079,790062,宁A4W647_0,1,2021-07-14 18:54:56,2021-07-14 18:59:18,6841.52,0.072778,94.005
780079,790062,宁B83907_0,1,2021-07-14 18:54:31,2021-07-14 18:59:54,6841.52,0.089722,76.252
780079,790062,蒙CG5878_0,1,2021-07-14 18:54:52,2021-07-14 19:00:17,6841.52,0.090278,75.783
780079,790062,宁AZL570_0,1,2021-07-15 02:06:23,2021-07-15 02:11:58,6841.52,0.093056,73.52
780079,790062,冀C76023_1,16,2021-07-15 02:48:21,2021-07-15 02:54:51,6841.52,0.108333,63.153
780079,790062,宁AD5817_1,13,2021-07-15 03:24:10,2021-07-15 03:30:31,6841.52,0.105833,64.644
780079,790062,宁A7FY73_0,11,2021-07-15 03:44:12,2021-07-15 03:51:20,6841.52,0.118889,57.545
780079,790062,宁A2AT57_0,11,2021-07-15 05:44:11,2021-07-15 05:50:10,6841.52,0.099722,68.606
780079,790062,宁A52J06_0,11,2021-07-15 08:07:06,2021-07-15 08:12:44,6841.52,0.093889,72.868
780079,790062,宁CLL358_0,11,2021-07-15 08:41:34,2021-07-15 08:49:23,6841.52,0.130278,52.515
780079,790062,宁AH280C_0,1,2021-07-15 10:32:46,2021-07-15 10:37:40,6841.52,0.081667,83.773
780079,790062,蒙C5AF88_0,1,2021-07-15 09:56:05,2021-07-15 10:01:36,6841.52,0.091944,74.41
780079,790062,宁A0880K_0,11,2021-07-15 11:45:19,2021-07-15 11:50:13,6841.52,0.081667,83.773
780079,790062,蒙AW9923_0,1,2021-07-15 11:45:33,2021-07-15 11:50:31,6841.52,0.082778,82.649
780079,790062,宁CGS216_0,1,2021-07-15 12:20:13,2021-07-15 12:25:05,6841.52,0.081111,84.348
780079,790062,宁A90T50_0,1,2021-07-15 14:08:16,2021-07-15 14:13:57,6841.52,0.094722,72.227
780079,790062,宁AG920D_0,11,2021-07-15 15:18:49,2021-07-15 15:25:40,6841.52,0.114167,59.926
780079,790062,宁A5065D_0,11,2021-07-15 16:29:01,2021-07-15 16:37:11,6841.52,0.136111,50.264
780079,790062,宁A70R38_0,1,2021-07-15 16:33:07,2021-07-15 16:37:54,6841.52,0.079722,85.817
780079,790062,宁AGF082_0,11,2021-07-15 17:07:58,2021-07-15 17:13:10,6841.52,0.086667,78.94
780079,790062,宁A9Z117_0,1,2021-07-15 18:56:15,2021-07-15 19:01:02,6841.52,0.079722,85.817
780079,790062,宁ADQ699_0,1,2021-07-15 19:31:46,2021-07-15 19:36:55,6841.52,0.085833,79.707
780079,790062,宁AW2967_0,1,2021-07-16 04:39:13,2021-07-16 04:44:47,6841.52,0.092778,73.741
780079,790062,宁AG168Y_0,1,2021-07-16 06:58:09,2021-07-16 07:03:48,6841.52,0.094167,72.653
780079,790062,宁A5V161_0,1,2021-07-16 07:34:14,2021-07-16 07:39:19,6841.52,0.084722,80.753
780079,790062,宁BCF888_0,1,2021-07-16 20:11:17,2021-07-16 20:15:54,6841.52,0.076944,88.916
780079,790062,宁A76Z91_0,1,2021-07-16 20:45:26,2021-07-16 20:51:46,6841.52,0.105556,64.814
780079,790062,宁AH280C_0,1,2021-07-16 20:47:01,2021-07-16 20:52:21,6841.52,0.088889,76.967
780079,790062,宁AJ6698_1,12,2021-07-17 01:34:12,2021-07-17 01:41:24,6841.52,0.12,57.013
780079,790062,宁BBX127_0,1,2021-07-17 01:38:54,2021-07-17 01:44:39,6841.52,0.095833,71.39
780079,790062,宁B36563_0,1,2021-07-17 01:41:05,2021-07-17 01:46:30,6841.52,0.090278,75.783
780079,790062,宁BK6515_0,1,2021-07-17 01:41:09,2021-07-17 01:46:34,6841.52,0.090278,75.783
780079,790062,宁AB2298_1,12,2021-07-17 02:47:24,2021-07-17 02:53:53,6841.52,0.108056,63.315
780079,790062,湘AD123R_0,1,2021-07-17 03:26:25,2021-07-17 03:31:46,6841.52,0.089167,76.727
780079,790062,宁AN629C_0,1,2021-07-17 05:50:21,2021-07-17 05:55:06,6841.52,0.079167,86.419
780079,790062,宁BM5757_0,1,2021-07-17 07:00:19,2021-07-17 07:05:20,6841.52,0.083611,81.826
780079,790062,宁A0880K_0,11,2021-07-17 11:13:06,2021-07-17 11:18:03,6841.52,0.0825,82.928
780079,790062,宁AY259X_0,11,2021-07-17 15:24:07,2021-07-17 15:29:43,6841.52,0.093333,73.302
780079,790062,宁AA976Z_0,1,2021-07-17 16:36:55,2021-07-17 16:42:21,6841.52,0.090556,75.55
780079,790062,宁B30816_1,12,2021-07-17 17:46:24,2021-07-17 17:54:05,6841.52,0.128056,53.426
780079,790062,宁AZ2881_0,1,2021-07-17 17:49:03,2021-07-17 17:54:10,6841.52,0.085278,80.226
780079,790062,宁AN808C_0,1,2021-07-17 18:59:51,2021-07-17 19:06:09,6841.52,0.105,65.157
780079,790062,宁A8DP16_0,11,2021-07-17 19:01:07,2021-07-17 19:06:21,6841.52,0.087222,78.438
780079,790062,宁AMY912_0,1,2021-07-17 21:25:13,2021-07-17 21:30:03,6841.52,0.080556,84.929
780079,790062,蒙K92588_1,16,2021-07-18 00:21:09,2021-07-18 00:30:22,6841.52,0.153611,44.538
780079,790062,宁A38T16_0,2,2021-07-18 06:26:08,2021-07-18 06:32:08,6841.52,0.1,68.415
780079,790062,宁A43255_0,1,2021-07-18 07:39:25,2021-07-18 07:44:46,6841.52,0.089167,76.727
780079,790062,甘FAH155_0,1,2021-07-18 16:03:56,2021-07-18 16:09:02,6841.52,0.085,80.488
780079,790062,宁A3681A_0,1,2021-07-18 17:51:17,2021-07-18 17:56:26,6841.52,0.085833,79.707
780079,790062,陕J6S335_0,1,2021-07-19 07:06:55,2021-07-19 07:12:18,6841.52,0.089722,76.252
780079,790062,宁DK1297_0,1,2021-07-19 07:07:50,2021-07-19 07:12:24,6841.52,0.076111,89.889
780079,790062,宁A0J227_0,1,2021-07-19 08:17:09,2021-07-19 08:22:16,6841.52,0.085278,80.226
780079,790062,宁AG2816_1,3,2021-07-19 08:16:56,2021-07-19 08:22:42,6841.52,0.096111,71.184
780079,790062,宁ARL059_0,1,2021-07-19 11:18:16,2021-07-19 11:23:30,6841.52,0.087222,78.438
780079,790062,宁A70U92_0,1,2021-07-19 13:07:11,2021-07-19 13:11:44,6841.52,0.075833,90.218
780079,790062,宁A8577J_0,1,2021-07-19 16:42:33,2021-07-19 16:47:24,6841.52,0.080833,84.638
780079,790062,粤S2N5T0_0,1,2021-07-19 17:54:43,2021-07-19 17:59:33,6841.52,0.080556,84.929
780079,790062,宁CZ2503_0,1,2021-07-19 18:29:37,2021-07-19 18:34:44,6841.52,0.085278,80.226
780079,790062,宁BM8781_0,1,2021-07-19 18:30:16,2021-07-19 18:34:56,6841.52,0.077778,87.962
780079,790062,宁AL552G_0,1,2021-07-19 18:29:56,2021-07-19 18:34:56,6841.52,0.083333,82.099
780079,790062,宁A10V87_0,1,2021-07-19 19:05:51,2021-07-19 19:11:11,6841.52,0.088889,76.967
780079,790062,鲁RM2434_1,12,2021-07-19 19:05:16,2021-07-19 19:12:15,6841.52,0.116389,58.781
780079,790062,宁A78N72_0,1,2021-07-19 19:41:55,2021-07-19 19:46:44,6841.52,0.080278,85.223
780079,790062,宁BU6030_0,1,2021-07-19 20:53:55,2021-07-19 20:58:46,6841.52,0.080833,84.638
780079,790062,宁AG3713_1,13,2021-07-20 02:54:00,2021-07-20 03:00:14,6841.52,0.103889,65.854
780079,790062,宁AK395Q_0,1,2021-07-20 04:48:20,2021-07-20 04:52:32,6841.52,0.07,97.736
780079,790062,宁AJ278B_0,1,2021-07-20 06:35:34,2021-07-20 06:41:09,6841.52,0.093056,73.52
780079,790062,宁BAZ278_0,1,2021-07-20 07:08:12,2021-07-20 07:12:41,6841.52,0.074722,91.56
780079,790062,宁A82V70_0,1,2021-07-20 07:07:19,2021-07-20 07:12:46,6841.52,0.090833,75.32
780079,790062,津C83005_1,16,2021-07-20 07:42:24,2021-07-20 07:48:14,6841.52,0.097222,70.37
780079,790062,宁AS200Z_0,1,2021-07-20 07:43:08,2021-07-20 07:49:06,6841.52,0.099444,68.798
780079,790062,宁A767J7_0,1,2021-07-20 08:56:04,2021-07-20 09:00:55,6841.52,0.080833,84.638
780079,790062,川KJF990_0,1,2021-07-20 08:56:17,2021-07-20 09:01:21,6841.52,0.084444,81.018
780079,790062,蒙CB3158_0,1,2021-07-20 10:07:43,2021-07-20 10:13:12,6841.52,0.091389,74.862
780079,790062,宁AE658D_0,1,2021-07-20 10:08:12,2021-07-20 10:13:19,6841.52,0.085278,80.226
780079,790062,蒙CXK809_0,1,2021-07-20 12:30:58,2021-07-20 12:36:54,6841.52,0.098889,69.184
780079,790062,宁AB003K_0,1,2021-07-20 15:32:14,2021-07-20 15:37:23,6841.52,0.085833,79.707
780079,790062,宁DBC933_0,1,2021-07-20 18:32:59,2021-07-20 18:38:18,6841.52,0.088611,77.208
780079,790062,晋A7JH39_0,1,2021-07-20 19:08:48,2021-07-20 19:13:31,6841.52,0.078611,87.03
780079,790062,宁A27C31_0,1,2021-07-20 19:45:28,2021-07-20 19:49:52,6841.52,0.073333,93.294
780079,790062,甘AZ8N60_0,11,2021-07-20 22:06:55,2021-07-20 22:14:11,6841.52,0.121111,56.49
780079,790062,豫PC6N66_0,1,2021-07-21 00:03:31,2021-07-21 00:10:29,6841.52,0.116111,58.922
780079,790062,黑AAR123_1,16,2021-07-21 00:33:00,2021-07-21 00:40:15,6841.52,0.120833,56.62
780079,790062,蒙KAP567_0,1,2021-07-21 00:36:55,2021-07-21 00:42:24,6841.52,0.091389,74.862
780079,790062,晋B33548_1,16,2021-07-21 01:13:29,2021-07-21 01:19:25,6841.52,0.098889,69.184
780079,790062,晋B38259_1,16,2021-07-21 01:13:18,2021-07-21 01:19:31,6841.52,0.103611,66.031
780079,790062,晋B52048_1,16,2021-07-21 01:13:28,2021-07-21 01:19:43,6841.52,0.104167,65.678
780079,790062,晋B71782_1,16,2021-07-21 01:13:34,2021-07-21 01:19:48,6841.52,0.103889,65.854
780079,790062,晋BZ6744_1,16,2021-07-21 01:13:30,2021-07-21 01:19:53,6841.52,0.106389,64.307
780079,790062,宁AZ582H_0,11,2021-07-21 03:57:29,2021-07-21 04:04:23,6841.52,0.115,59.491
780079,790062,蒙L31131_1,12,2021-07-21 04:07:27,2021-07-21 04:14:16,6841.52,0.113611,60.219
780079,790062,宁BQ0991_0,1,2021-07-21 06:01:21,2021-07-21 06:06:26,6841.52,0.084722,80.753
780079,790062,宁ASP185_0,1,2021-07-21 07:45:51,2021-07-21 07:50:44,6841.52,0.081389,84.06
780079,790062,宁A6270A_0,1,2021-07-21 07:45:56,2021-07-21 07:50:53,6841.52,0.0825,82.928
780079,790062,宁BE2357_0,1,2021-07-21 08:22:19,2021-07-21 08:26:43,6841.52,0.073333,93.294
780079,790062,宁A10391_0,1,2021-07-21 10:46:28,2021-07-21 10:51:27,6841.52,0.083056,82.372
780079,790062,宁BV0979_0,1,2021-07-21 11:21:28,2021-07-21 11:26:46,6841.52,0.088333,77.451
780079,790062,陕A22S15_0,1,2021-07-21 15:33:20,2021-07-21 15:38:52,6841.52,0.092222,74.185
780079,790062,宁A3N685_0,1,2021-07-21 15:33:59,2021-07-21 15:38:58,6841.52,0.083056,82.372
780079,790062,冀AGD453_1,16,2021-07-22 02:23:58,2021-07-22 02:31:30,6841.52,0.125556,54.49
780079,790062,宁AB920T_0,11,2021-07-22 05:32:19,2021-07-22 05:38:37,6841.52,0.105,65.157
780079,790062,宁AAV695_0,11,2021-07-22 06:36:21,2021-07-22 06:42:40,6841.52,0.105278,64.985
780079,790062,苏D37G18_0,1,2021-07-22 10:12:07,2021-07-22 10:17:11,6841.52,0.084444,81.018
780079,790062,宁BBE628_0,11,2021-07-22 11:24:18,2021-07-22 11:29:51,6841.52,0.0925,73.962
780079,790062,苏GE7306_1,16,2021-07-22 12:00:23,2021-07-22 12:06:47,6841.52,0.106667,64.139
780079,790062,蒙L27210_0,11,2021-07-22 12:34:24,2021-07-22 12:40:56,6841.52,0.108889,62.83
780079,790062,宁AQ838S_0,11,2021-07-22 15:34:22,2021-07-22 15:41:45,6841.52,0.123056,55.597
780079,790062,宁AJ7122_1,16,2021-07-23 00:39:47,2021-07-23 00:46:54,6841.52,0.118611,57.68
780079,790062,晋LU8118_1,16,2021-07-23 02:25:27,2021-07-23 02:32:24,6841.52,0.115833,59.064
780079,790062,宁AA0809_1,4,2021-07-23 08:25:56,2021-07-23 08:32:03,6841.52,0.101944,67.111
780079,790062,蒙C49999_0,1,2021-07-24 00:38:59,2021-07-24 00:44:14,6841.52,0.0875,78.189
780079,790062,宁BZ9055_0,11,2021-07-24 05:29:28,2021-07-24 05:36:26,6841.52,0.116111,58.922
780079,790062,宁ALJ100_0,11,2021-07-24 05:29:04,2021-07-24 05:37:18,6841.52,0.137222,49.857
780079,790062,宁A3BD16_0,11,2021-07-24 05:40:22,2021-07-24 05:46:21,6841.52,0.099722,68.606
780079,790062,宁AZ588G_0,1,2021-07-24 09:42:54,2021-07-24 09:47:59,6841.52,0.084722,80.753
780079,790062,宁AJC888_0,1,2021-07-24 09:42:38,2021-07-24 09:48:12,6841.52,0.092778,73.741
780079,790062,宁A66999_0,1,2021-07-24 10:54:31,2021-07-24 10:58:55,6841.52,0.073333,93.294
780079,790062,宁AJ750Y_0,1,2021-07-24 10:54:43,2021-07-24 10:59:20,6841.52,0.076944,88.916
780079,790062,蒙CC7884_0,1,2021-07-24 13:20:48,2021-07-24 13:26:03,6841.52,0.0875,78.189
780079,790062,宁AE920K_0,1,2021-07-24 21:43:14,2021-07-24 21:48:40,6841.52,0.090556,75.55
780079,790062,宁AG320K_0,1,2021-07-25 07:56:37,2021-07-25 08:02:16,6841.52,0.094167,72.653
780079,790062,宁BW5636_0,1,2021-07-25 17:33:07,2021-07-25 17:38:21,6841.52,0.087222,78.438
780079,790062,宁DY7961_0,1,2021-07-26 09:48:08,2021-07-26 09:52:39,6841.52,0.075278,90.883
780079,790062,宁A581N1_0,1,2021-07-26 09:47:28,2021-07-26 09:53:10,6841.52,0.095,72.016
780079,790062,宁BB9835_0,1,2021-07-26 22:21:53,2021-07-26 22:29:20,6841.52,0.124167,55.099
780079,790062,宁A318X6_0,1,2021-07-27 09:50:01,2021-07-27 09:55:14,6841.52,0.086944,78.689
780079,790062,宁BS5910_0,1,2021-07-27 12:14:54,2021-07-27 12:19:58,6841.52,0.084444,81.018
780079,790062,鲁NF9713_1,16,2021-07-27 16:25:31,2021-07-27 16:31:54,6841.52,0.106389,64.307
780079,790062,宁AH025P_0,1,2021-07-27 18:50:48,2021-07-27 18:55:40,6841.52,0.081111,84.348
780079,790062,宁AP270H_0,1,2021-07-28 08:40:51,2021-07-28 08:45:57,6841.52,0.085,80.488
780079,790062,宁AE9628_1,23,2021-07-28 09:14:08,2021-07-28 09:23:44,6841.52,0.16,42.76
780079,790062,宁AZJ872_0,1,2021-07-28 14:41:28,2021-07-28 14:46:58,6841.52,0.091667,74.634
780079,790062,宁A3JM06_0,1,2021-07-29 00:21:13,2021-07-29 00:25:41,6841.52,0.074444,91.902
780079,790062,宁C32268_1,12,2021-07-29 08:42:32,2021-07-29 08:49:25,6841.52,0.114722,59.636
780079,790062,宁AR172Q_0,1,2021-07-29 09:19:53,2021-07-29 09:25:24,6841.52,0.091944,74.41
780079,790062,宁BAL256_0,1,2021-07-29 10:32:32,2021-07-29 10:36:58,6841.52,0.073889,92.592
780079,790062,宁AZ867J_0,1,2021-07-29 10:32:44,2021-07-29 10:38:00,6841.52,0.087778,77.941
780079,790062,宁A6L435_0,1,2021-07-29 10:32:39,2021-07-29 10:38:28,6841.52,0.096944,70.572
780079,790062,宁A9JQ96_0,1,2021-07-29 11:45:03,2021-07-29 11:49:41,6841.52,0.077222,88.595
780079,790062,宁AQA766_0,1,2021-07-29 12:19:57,2021-07-29 12:25:50,6841.52,0.098056,69.772
780079,790062,宁A9V297_0,1,2021-07-29 15:21:15,2021-07-29 15:25:47,6841.52,0.075556,90.549
780079,790062,宁AN9971_0,1,2021-07-29 16:32:54,2021-07-29 16:37:42,6841.52,0.08,85.519
780079,790062,冀JX9279_1,16,2021-07-30 04:36:02,2021-07-30 04:42:50,6841.52,0.113333,60.367
780079,790062,宁A7QH57_0,1,2021-07-30 08:47:19,2021-07-30 08:52:55,6841.52,0.093333,73.302
780079,790062,蒙M98507_0,1,2021-07-30 17:11:39,2021-07-30 17:17:27,6841.52,0.096667,70.774
780079,790062,蒙CGY866_0,1,2021-07-30 22:05:37,2021-07-30 22:10:13,6841.52,0.076667,89.237
780079,790062,宁A28G69_0,11,2021-07-31 19:38:24,2021-07-31 19:44:34,6841.52,0.102778,66.566
780079,790062,宁A10J65_0,1,2021-07-31 22:03:27,2021-07-31 22:08:25,6841.52,0.082778,82.649
780079,790062,宁AE342W_0,1,2021-08-01 05:58:34,2021-08-01 06:04:08,6841.52,0.092778,73.741
780079,790062,宁A2818E_0,1,2021-08-01 07:40:50,2021-08-01 07:46:47,6841.52,0.099167,68.99
780079,790062,宁ALH158_0,1,2021-08-01 08:56:00,2021-08-01 09:00:51,6841.52,0.080833,84.638
780079,790062,宁A2818E_0,1,2021-08-02 07:45:01,2021-08-02 07:50:35,6841.52,0.092778,73.741
780079,790062,宁A2CS19_0,1,2021-08-02 08:58:32,2021-08-02 09:03:28,6841.52,0.082222,83.208
780079,790062,宁BE6390_0,11,2021-08-02 08:59:53,2021-08-02 09:05:00,6841.52,0.085278,80.226
780079,790062,宁AML901_0,1,2021-08-02 13:10:55,2021-08-02 13:15:35,6841.52,0.077778,87.962
780079,790062,宁AQG798_0,1,2021-08-02 16:10:16,2021-08-02 16:16:00,6841.52,0.095556,71.597
780079,790062,宁A0L617_0,1,2021-08-02 19:46:22,2021-08-02 19:51:31,6841.52,0.085833,79.707
780079,790062,蒙CWY999_0,1,2021-08-02 20:24:11,2021-08-02 20:29:20,6841.52,0.085833,79.707
780079,790062,宁AC6668_0,1,2021-08-03 04:57:23,2021-08-03 05:02:20,6841.52,0.0825,82.928
780079,790062,宁AG920D_0,11,2021-08-03 07:15:50,2021-08-03 07:22:41,6841.52,0.114167,59.926
780079,790062,宁A1312D_0,11,2021-08-03 15:38:08,2021-08-03 15:43:47,6841.52,0.094167,72.653
780079,790062,宁A9TU76_0,1,2021-08-04 09:06:13,2021-08-04 09:11:04,6841.52,0.080833,84.638
780079,790062,宁AS371B_0,11,2021-08-04 10:15:37,2021-08-04 10:21:37,6841.52,0.1,68.415
780079,790062,宁C32268_1,12,2021-08-04 13:16:21,2021-08-04 13:22:52,6841.52,0.108611,62.991
780079,790062,宁AR0868_0,1,2021-08-04 16:17:45,2021-08-04 16:22:43,6841.52,0.082778,82.649
780079,790062,宁A3276G_0,1,2021-08-04 16:17:47,2021-08-04 16:23:30,6841.52,0.095278,71.806
780079,790062,宁BQ8585_0,1,2021-08-08 20:40:34,2021-08-08 20:48:55,6841.52,0.139167,49.161
780079,790062,宁BE8899_0,1,2021-08-09 17:46:51,2021-08-09 17:51:42,6841.52,0.080833,84.638
780079,790062,宁AV525F_0,1,2021-08-10 07:36:58,2021-08-10 07:42:16,6841.52,0.088333,77.451
780079,790062,蒙M85863_0,1,2021-08-11 17:16:38,2021-08-11 17:23:00,6841.52,0.106111,64.475
780079,790062,宁BL8886_0,1,2021-08-13 17:05:38,2021-08-13 17:09:24,6841.52,0.062778,108.98
780079,790062,宁CJA306_0,11,2021-08-13 17:04:17,2021-08-13 17:09:34,6841.52,0.088056,77.695
780079,790062,宁ALL738_0,1,2021-08-13 17:04:31,2021-08-13 17:09:48,6841.52,0.088056,77.695
780079,790062,宁A8862D_0,1,2021-08-13 17:06:41,2021-08-13 17:12:24,6841.52,0.095278,71.806
780079,790062,宁CE3319_1,16,2021-08-13 18:25:05,2021-08-13 18:31:56,6841.52,0.114167,59.926
780079,790062,宁A819C9_0,1,2021-08-13 18:27:07,2021-08-13 18:32:02,6841.52,0.081944,83.49
780079,790062,甘EQ9619_0,1,2021-08-13 19:40:49,2021-08-13 19:46:13,6841.52,0.09,76.017
780079,790062,宁AN2813_0,1,2021-08-13 19:02:26,2021-08-13 19:07:25,6841.52,0.083056,82.372
780079,790062,蒙LUY559_0,1,2021-08-13 19:09:14,2021-08-13 19:13:52,6841.52,0.077222,88.595
780079,790062,宁A20C12_0,11,2021-08-13 20:54:42,2021-08-13 21:01:16,6841.52,0.109444,62.512
780079,790062,宁A5AN57_0,11,2021-08-13 22:04:01,2021-08-13 22:09:28,6841.52,0.090833,75.32
780079,790062,宁ADL546_0,1,2021-08-13 22:41:26,2021-08-13 22:46:43,6841.52,0.088056,77.695
780079,790062,宁A2KV18_0,11,2021-08-14 00:44:04,2021-08-14 00:50:48,6841.52,0.112222,60.964
780079,790062,宁A7DC87_0,1,2021-08-14 01:27:52,2021-08-14 01:34:11,6841.52,0.105278,64.985
780079,790062,宁AJ2753_1,22,2021-08-14 03:46:57,2021-08-14 03:52:43,6841.52,0.096111,71.184
780079,790062,宁AG932T_0,1,2021-08-14 03:51:32,2021-08-14 03:57:37,6841.52,0.101389,67.478
780079,790062,宁AX6410_0,1,2021-08-14 04:20:57,2021-08-14 04:26:50,6841.52,0.098056,69.772
780079,790062,晋A35AH5_0,1,2021-08-14 06:17:00,2021-08-14 06:21:55,6841.52,0.081944,83.49
780079,790062,宁AE6785_0,1,2021-08-14 07:09:08,2021-08-14 07:13:56,6841.52,0.08,85.519
780079,790062,鲁PR5982_1,16,2021-08-14 08:51:24,2021-08-14 08:57:05,6841.52,0.094722,72.227
780079,790062,宁AH865C_0,1,2021-08-14 08:25:07,2021-08-14 08:29:10,6841.52,0.0675,101.356
780079,790062,宁A229D2_0,1,2021-08-14 08:24:20,2021-08-14 08:29:25,6841.52,0.084722,80.753
780079,790062,宁A2KH90_0,1,2021-08-14 08:56:27,2021-08-14 09:02:05,6841.52,0.093889,72.868
780079,790062,宁AS320A_0,1,2021-08-14 09:28:16,2021-08-14 09:34:32,6841.52,0.104444,65.504
780079,790062,宁E5B897_0,1,2021-08-14 10:06:16,2021-08-14 10:11:25,6841.52,0.085833,79.707
780079,790062,宁A8R116_0,1,2021-08-14 12:33:40,2021-08-14 12:38:06,6841.52,0.073889,92.592
780079,790062,宁A75E17_0,1,2021-08-14 12:35:12,2021-08-14 12:40:24,6841.52,0.086667,78.94
780079,790062,宁ALL738_0,1,2021-08-14 11:57:16,2021-08-14 12:02:31,6841.52,0.0875,78.189
780079,790062,辽P75576_1,16,2021-08-14 13:39:52,2021-08-14 13:46:28,6841.52,0.11,62.196
780079,790062,宁A9G221_0,1,2021-08-14 13:06:44,2021-08-14 13:12:45,6841.52,0.100278,68.226
780079,790062,宁AP997R_0,1,2021-08-14 13:12:07,2021-08-14 13:16:37,6841.52,0.075,91.22
780079,790062,宁AG6767_0,1,2021-08-14 13:12:31,2021-08-14 13:17:25,6841.52,0.081667,83.773
780079,790062,宁B65006_0,1,2021-08-14 16:10:45,2021-08-14 16:16:13,6841.52,0.091111,75.09
780079,790062,宁AD730V_0,1,2021-08-14 19:09:16,2021-08-14 19:14:33,6841.52,0.088056,77.695
780079,790062,宁A8163B_0,1,2021-08-14 21:31:20,2021-08-14 21:36:39,6841.52,0.088611,77.208
780079,790062,宁AE3732_1,13,2021-08-15 02:43:29,2021-08-15 02:49:46,6841.52,0.104722,65.33
780079,790062,宁A9025B_0,1,2021-08-15 07:18:50,2021-08-15 07:24:10,6841.52,0.088889,76.967
780079,790062,宁A72U82_0,1,2021-08-15 07:47:41,2021-08-15 07:54:37,6841.52,0.115556,59.205
780079,790062,蒙KTK799_0,1,2021-08-15 10:12:02,2021-08-15 10:16:24,6841.52,0.072778,94.005
780079,790062,宁A9PZ06_0,11,2021-08-15 11:23:29,2021-08-15 11:31:23,6841.52,0.131667,51.961
780079,790062,皖C93628_1,16,2021-08-15 12:37:41,2021-08-15 12:43:35,6841.52,0.098333,69.575
780079,790062,宁B98430_1,16,2021-08-15 12:40:29,2021-08-15 12:46:07,6841.52,0.093889,72.868
780079,790062,宁A6HQ63_0,1,2021-08-15 12:47:06,2021-08-15 12:51:52,6841.52,0.079444,86.118
780079,790062,晋M62091_1,16,2021-08-15 18:07:01,2021-08-15 18:13:27,6841.52,0.107222,63.807
780079,790062,宁A9KL26_0,11,2021-08-15 18:09:42,2021-08-15 18:15:09,6841.52,0.090833,75.32
780079,790062,宁A9879M_0,1,2021-08-15 19:15:56,2021-08-15 19:20:26,6841.52,0.075,91.22
780079,790062,宁AZH973_0,1,2021-08-15 19:17:40,2021-08-15 19:22:48,6841.52,0.085556,79.965
780079,790062,宁B1A200_0,1,2021-08-15 20:31:36,2021-08-15 20:36:49,6841.52,0.086944,78.689
780079,790062,宁AE3732_1,13,2021-08-16 02:49:28,2021-08-16 02:55:37,6841.52,0.1025,66.747
780079,790062,宁A0G518_0,1,2021-08-16 06:53:45,2021-08-16 06:58:54,6841.52,0.085833,79.707
780079,790062,宁A2929E_0,1,2021-08-16 08:30:55,2021-08-16 08:35:58,6841.52,0.084167,81.285
780079,790062,浙JX6M90_0,1,2021-08-16 09:44:28,2021-08-16 09:49:26,6841.52,0.082778,82.649
780079,790062,宁AMC889_0,1,2021-08-16 09:07:14,2021-08-16 09:12:12,6841.52,0.082778,82.649
780079,790062,蒙C9AA00_0,1,2021-08-16 12:10:13,2021-08-16 12:15:36,6841.52,0.089722,76.252
780079,790062,蒙KH335K_0,1,2021-08-16 12:47:36,2021-08-16 12:52:24,6841.52,0.08,85.519
780079,790062,宁A8JS86_0,1,2021-08-16 13:22:53,2021-08-16 13:27:56,6841.52,0.084167,81.285
780079,790062,宁A2E186_0,1,2021-08-16 13:22:49,2021-08-16 13:27:59,6841.52,0.086111,79.45
780079,790062,宁A351P1_0,1,2021-08-16 14:32:25,2021-08-16 14:37:20,6841.52,0.081944,83.49
780079,790062,宁AW8117_0,1,2021-08-16 14:38:20,2021-08-16 14:42:53,6841.52,0.075833,90.218
780079,790062,鲁MAQ359_1,16,2021-08-16 16:19:46,2021-08-16 16:26:26,6841.52,0.111111,61.574
780079,790062,宁AKG863_0,1,2021-08-16 20:32:45,2021-08-16 20:38:21,6841.52,0.093333,73.302
780079,790062,宁A19X19_0,1,2021-08-16 23:25:02,2021-08-16 23:30:15,6841.52,0.086944,78.689
780079,790062,宁AE3732_1,13,2021-08-17 03:00:50,2021-08-17 03:07:32,6841.52,0.111667,61.267
780079,790062,陕EF7230_1,16,2021-08-17 05:45:33,2021-08-17 05:52:16,6841.52,0.111944,61.116
780079,790062,宁A1Y119_0,1,2021-08-17 06:21:49,2021-08-17 06:26:25,6841.52,0.076667,89.237
780079,790062,苏GR7390_1,16,2021-08-17 07:24:02,2021-08-17 07:32:15,6841.52,0.136944,49.959
780079,790062,宁AD061Q_0,1,2021-08-17 07:28:13,2021-08-17 07:33:42,6841.52,0.091389,74.862
780079,790062,宁A07T19_0,1,2021-08-17 07:30:37,2021-08-17 07:35:29,6841.52,0.081111,84.348
780079,790062,宁A67909_0,1,2021-08-17 08:41:49,2021-08-17 08:46:39,6841.52,0.080556,84.929
780079,790062,宁AX233Y_0,1,2021-08-17 08:41:39,2021-08-17 08:46:47,6841.52,0.085556,79.965
780079,790062,宁A9JC81_0,1,2021-08-17 09:52:37,2021-08-17 09:57:36,6841.52,0.083056,82.372
780079,790062,蒙CBG978_0,11,2021-08-17 09:14:28,2021-08-17 09:20:38,6841.52,0.102778,66.566
780079,790062,宁CDM197_0,1,2021-08-17 09:17:05,2021-08-17 09:22:20,6841.52,0.0875,78.189
780079,790062,宁A9LG77_0,1,2021-08-17 09:19:54,2021-08-17 09:24:47,6841.52,0.081389,84.06
780079,790062,辽CF3297_1,16,2021-08-17 10:24:48,2021-08-17 10:30:18,6841.52,0.091667,74.634
780079,790062,蒙CVC398_0,1,2021-08-17 11:03:57,2021-08-17 11:08:45,6841.52,0.08,85.519
780079,790062,冀B4369H_1,16,2021-08-17 11:03:21,2021-08-17 11:09:11,6841.52,0.097222,70.37
780079,790062,豫EY0108_0,1,2021-08-17 11:37:17,2021-08-17 11:42:15,6841.52,0.082778,82.649
780079,790062,宁ARK837_0,1,2021-08-17 12:51:42,2021-08-17 12:56:39,6841.52,0.0825,82.928
780079,790062,宁A069H2_0,1,2021-08-17 14:39:46,2021-08-17 14:44:45,6841.52,0.083056,82.372
780079,790062,宁A2W291_0,1,2021-08-17 15:13:47,2021-08-17 15:19:02,6841.52,0.0875,78.189
780079,790062,宁AS720Y_0,1,2021-08-17 19:27:13,2021-08-17 19:31:42,6841.52,0.074722,91.56
780079,790062,宁AE5271_1,22,2021-08-17 19:11:49,2021-08-17 19:33:01,6841.52,0.353333,19.363
780079,790062,宁AUC672_0,1,2021-08-17 21:51:58,2021-08-17 21:57:32,6841.52,0.092778,73.741
780079,790062,宁A5W002_0,1,2021-08-17 21:53:30,2021-08-17 21:58:22,6841.52,0.081111,84.348
780079,790062,宁A93M33_0,1,2021-08-17 23:19:34,2021-08-17 23:25:12,6841.52,0.093889,72.868
780079,790062,宁A101E0_0,1,2021-08-18 07:36:41,2021-08-18 07:41:59,6841.52,0.088333,77.451
780079,790062,宁EF08666_0,1,2021-08-18 07:38:13,2021-08-18 07:42:57,6841.52,0.078889,86.723
780079,790062,宁CEG263_0,11,2021-08-18 07:36:35,2021-08-18 07:43:29,6841.52,0.115,59.491
780079,790062,宁A7U639_0,1,2021-08-18 07:02:22,2021-08-18 07:07:12,6841.52,0.080556,84.929
780079,790062,宁AYC747_0,1,2021-08-18 08:45:16,2021-08-18 08:50:10,6841.52,0.081667,83.773
780079,790062,宁ADV366_0,1,2021-08-18 08:45:54,2021-08-18 08:51:33,6841.52,0.094167,72.653
780079,790062,宁CCG967_0,1,2021-08-18 09:23:54,2021-08-18 09:28:45,6841.52,0.080833,84.638
780079,790062,蒙MAA275_0,1,2021-08-18 11:10:20,2021-08-18 11:15:44,6841.52,0.09,76.017
780079,790062,宁A50N18_0,1,2021-08-18 11:12:20,2021-08-18 11:17:54,6841.52,0.092778,73.741
780079,790062,宁AL077K_0,1,2021-08-18 13:32:41,2021-08-18 13:37:29,6841.52,0.08,85.519
780079,790062,甘H50536_1,12,2021-08-18 14:44:05,2021-08-18 14:49:49,6841.52,0.095556,71.597
780079,790062,宁AD075F_0,1,2021-08-18 14:08:59,2021-08-18 14:13:38,6841.52,0.0775,88.278
780079,790062,宁AKG117_0,1,2021-08-18 14:12:31,2021-08-18 14:17:07,6841.52,0.076667,89.237
780079,790062,蒙CPE936_0,1,2021-08-18 15:20:43,2021-08-18 15:26:15,6841.52,0.092222,74.185
780079,790062,宁AXL562_0,11,2021-08-18 15:56:34,2021-08-18 16:02:55,6841.52,0.105833,64.644
780079,790062,宁AE090A_0,1,2021-08-19 00:39:11,2021-08-19 00:43:23,6841.52,0.07,97.736
780079,790062,宁AA703W_0,1,2021-08-19 07:37:14,2021-08-19 07:42:20,6841.52,0.085,80.488
780079,790062,宁A22Y56_0,1,2021-08-19 07:40:32,2021-08-19 07:45:22,6841.52,0.080556,84.929
780079,790062,宁A61L00_0,1,2021-08-19 07:02:19,2021-08-19 07:07:16,6841.52,0.0825,82.928
780079,790062,宁AR574P_0,11,2021-08-19 08:50:30,2021-08-19 08:55:23,6841.52,0.081389,84.06
780079,790062,宁AG1730_0,1,2021-08-19 11:15:48,2021-08-19 11:20:38,6841.52,0.080556,84.929
780079,790062,蒙B855P2_0,1,2021-08-19 11:17:16,2021-08-19 11:21:45,6841.52,0.074722,91.56
780079,790062,宁A0023M_0,11,2021-08-19 11:53:30,2021-08-19 11:58:40,6841.52,0.086111,79.45
780079,790062,蒙C13519_0,1,2021-08-19 16:03:39,2021-08-19 16:08:59,6841.52,0.088889,76.967
780079,790062,蒙CEF656_0,1,2021-08-19 17:52:25,2021-08-19 17:58:03,6841.52,0.093889,72.868
780079,790062,宁DT8213_0,1,2021-08-19 23:25:45,2021-08-19 23:30:48,6841.52,0.084167,81.285
780079,790062,宁AEC038_0,1,2021-08-20 07:44:48,2021-08-20 07:49:38,6841.52,0.080556,84.929
780079,790062,宁AY329X_0,1,2021-08-20 07:47:20,2021-08-20 07:51:40,6841.52,0.072222,94.729
780079,790062,宁AG3012_0,1,2021-08-20 07:45:20,2021-08-20 07:51:44,6841.52,0.106667,64.139
780079,790062,宁ARW507_0,1,2021-08-20 07:47:38,2021-08-20 07:52:06,6841.52,0.074444,91.902
780079,790062,宁AQ715G_0,1,2021-08-20 09:33:43,2021-08-20 09:38:05,6841.52,0.072778,94.005
780079,790062,宁A0201D_0,1,2021-08-20 09:37:37,2021-08-20 09:42:49,6841.52,0.086667,78.94
780079,790062,冀B2P380_1,16,2021-08-20 08:55:33,2021-08-20 09:01:11,6841.52,0.093889,72.868
780079,790062,桂E25718_1,16,2021-08-20 10:43:58,2021-08-20 10:49:58,6841.52,0.1,68.415
780079,790062,宁AZ5253_0,1,2021-08-20 10:10:45,2021-08-20 10:15:36,6841.52,0.080833,84.638
780079,790062,宁BG7010_0,1,2021-08-20 11:24:28,2021-08-20 11:29:43,6841.52,0.0875,78.189
780079,790062,宁A8K535_0,1,2021-08-20 13:44:45,2021-08-20 13:50:41,6841.52,0.098889,69.184
780079,790062,宁AMD651_0,1,2021-08-20 15:01:22,2021-08-20 15:06:12,6841.52,0.080556,84.929
780079,790062,蒙CDY275_0,1,2021-08-20 16:11:21,2021-08-20 16:16:15,6841.52,0.081667,83.773
780079,790062,宁A78D69_0,1,2021-08-20 16:12:33,2021-08-20 16:17:51,6841.52,0.088333,77.451
780079,790062,宁BA5172_0,1,2021-08-20 20:25:55,2021-08-20 20:31:19,6841.52,0.09,76.017
780079,790062,宁A2BM90_0,1,2021-08-20 22:15:51,2021-08-20 22:20:38,6841.52,0.079722,85.817
780079,790062,宁A6DG02_0,1,2021-08-21 01:17:17,2021-08-21 01:24:51,6841.52,0.126111,54.25
780079,790062,宁A10567_0,1,2021-08-21 01:20:21,2021-08-21 01:25:17,6841.52,0.082222,83.208
780079,790062,宁AXL562_0,11,2021-08-21 07:44:40,2021-08-21 07:55:43,6841.52,0.184167,37.148
780079,790062,宁AB6771_0,1,2021-08-21 09:41:41,2021-08-21 09:46:38,6841.52,0.0825,82.928
780079,790062,宁B0C989_0,1,2021-08-21 09:04:21,2021-08-21 09:11:46,6841.52,0.123611,55.347
780079,790062,宁AU708R_0,1,2021-08-21 10:52:38,2021-08-21 10:57:23,6841.52,0.079167,86.419
780079,790062,陕A70X6P_0,1,2021-08-21 10:54:54,2021-08-21 10:59:37,6841.52,0.078611,87.03
780079,790062,宁AMB885_0,1,2021-08-21 10:55:32,2021-08-21 11:00:16,6841.52,0.078889,86.723
780079,790062,宁AM507W_0,11,2021-08-21 11:28:39,2021-08-21 11:33:55,6841.52,0.087778,77.941
780079,790062,宁A52L81_0,1,2021-08-21 12:03:36,2021-08-21 12:08:02,6841.52,0.073889,92.592
780079,790062,宁AL616Q_0,1,2021-08-21 12:07:31,2021-08-21 12:12:08,6841.52,0.076944,88.916
780079,790062,宁A991N2_0,11,2021-08-21 14:27:59,2021-08-21 14:33:29,6841.52,0.091667,74.634
780079,790062,蒙CA3603_0,1,2021-08-21 14:28:03,2021-08-21 14:33:34,6841.52,0.091944,74.41
780079,790062,宁A5B989_0,1,2021-08-21 15:40:28,2021-08-21 15:45:15,6841.52,0.079722,85.817
780079,790062,宁AUY156_0,1,2021-08-21 15:40:51,2021-08-21 15:46:29,6841.52,0.093889,72.868
780079,790062,蒙M66822_0,1,2021-08-21 16:51:45,2021-08-21 16:57:40,6841.52,0.098611,69.379
780079,790062,宁AMR817_0,1,2021-08-21 16:15:56,2021-08-21 16:20:49,6841.52,0.081389,84.06
780079,790062,宁A9908E_0,1,2021-08-21 17:29:43,2021-08-21 17:35:10,6841.52,0.090833,75.32
780079,790062,宁A7X120_0,1,2021-08-21 17:31:23,2021-08-21 17:35:58,6841.52,0.076389,89.562
780079,790062,宁ABJ568_0,1,2021-08-21 17:31:24,2021-08-21 17:38:01,6841.52,0.110278,62.039
780079,790062,冀A3D729_1,16,2021-08-21 20:30:42,2021-08-21 20:37:34,6841.52,0.114444,59.781
780079,790062,宁AJ389T_0,1,2021-08-22 01:22:05,2021-08-22 01:27:09,6841.52,0.084444,81.018
780079,790062,宁A0EE66_0,1,2021-08-22 06:46:25,2021-08-22 06:51:19,6841.52,0.081667,83.773
780079,790062,宁A6500J_0,1,2021-08-22 07:36:45,2021-08-22 07:41:24,6841.52,0.0775,88.278
780079,790062,宁AK315G_0,1,2021-08-22 07:37:10,2021-08-22 07:41:56,6841.52,0.079444,86.118
780079,790062,宁BAU717_0,1,2021-08-22 07:55:48,2021-08-22 08:01:31,6841.52,0.095278,71.806
780079,790062,宁A2C656_0,1,2021-08-22 08:02:20,2021-08-22 08:07:21,6841.52,0.083611,81.826
780079,790062,宁CQ9906_0,1,2021-08-22 08:06:18,2021-08-22 08:10:55,6841.52,0.076944,88.916
780079,790062,宁AH538K_0,1,2021-08-22 08:10:41,2021-08-22 08:15:45,6841.52,0.084444,81.018
780079,790062,宁AB5239_1,14,2021-08-22 08:12:21,2021-08-22 08:17:39,6841.52,0.088333,77.451
780079,790062,宁BB1556_0,1,2021-08-22 08:14:15,2021-08-22 08:20:00,6841.52,0.095833,71.39
780079,790062,鄂AZ597A_0,1,2021-08-22 08:45:21,2021-08-22 08:50:17,6841.52,0.082222,83.208
780079,790062,甘HR7950_0,11,2021-08-22 08:47:08,2021-08-22 08:51:54,6841.52,0.079444,86.118
780079,790062,宁AAT716_0,1,2021-08-22 09:10:55,2021-08-22 09:15:56,6841.52,0.083611,81.826
780079,790062,蒙BAR388_0,1,2021-08-22 09:10:22,2021-08-22 09:17:19,6841.52,0.115833,59.064
780079,790062,浙B333PR_0,1,2021-08-22 09:17:22,2021-08-22 09:22:14,6841.52,0.081111,84.348
780079,790062,川KL939U_0,1,2021-08-22 11:35:45,2021-08-22 11:40:58,6841.52,0.086944,78.689
780079,790062,宁AJ776F_0,1,2021-08-22 11:40:32,2021-08-22 11:45:09,6841.52,0.076944,88.916
780079,790062,蒙AW9923_0,1,2021-08-22 10:57:28,2021-08-22 11:02:39,6841.52,0.086389,79.194
780079,790062,宁AJA804_0,1,2021-08-22 10:58:23,2021-08-22 11:03:30,6841.52,0.085278,80.226
780079,790062,宁AY652S_0,1,2021-08-22 14:38:18,2021-08-22 14:43:39,6841.52,0.089167,76.727
780079,790062,宁BG0821_0,1,2021-08-22 14:38:41,2021-08-22 14:43:46,6841.52,0.084722,80.753
780079,790062,宁B94895_0,1,2021-08-22 15:11:45,2021-08-22 15:16:18,6841.52,0.075833,90.218
780079,790062,甘M32848_1,3,2021-08-22 15:47:41,2021-08-22 15:53:23,6841.52,0.095,72.016
780079,790062,宁AKF825_0,1,2021-08-22 19:25:22,2021-08-22 19:30:09,6841.52,0.079722,85.817
780079,790062,宁A18R20_0,1,2021-08-23 06:02:56,2021-08-23 06:09:22,6841.52,0.107222,63.807
780079,790062,宁A9908E_0,1,2021-08-23 07:29:18,2021-08-23 07:34:21,6841.52,0.084167,81.285
780079,790062,宁A69Z31_0,1,2021-08-23 07:30:23,2021-08-23 07:36:11,6841.52,0.096667,70.774
780079,790062,宁A73996_1,22,2021-08-23 08:41:59,2021-08-23 08:47:50,6841.52,0.0975,70.169
780079,790062,宁AH336C_0,1,2021-08-23 08:42:51,2021-08-23 08:48:41,6841.52,0.097222,70.37
780079,790062,宁AN986F_0,1,2021-08-23 08:03:59,2021-08-23 08:09:08,6841.52,0.085833,79.707
780079,790062,宁A2DT35_0,1,2021-08-23 08:05:44,2021-08-23 08:11:10,6841.52,0.090556,75.55
780079,790062,浙CQ26E9_0,1,2021-08-23 09:52:59,2021-08-23 09:58:10,6841.52,0.086389,79.194
780079,790062,宁AC7122_0,1,2021-08-23 10:29:12,2021-08-23 10:33:50,6841.52,0.077222,88.595
780079,790062,宁AH751P_0,1,2021-08-23 12:17:18,2021-08-23 12:22:28,6841.52,0.086111,79.45
780079,790062,宁AJ2753_1,22,2021-08-23 14:41:44,2021-08-23 14:48:12,6841.52,0.107778,63.478
780079,790062,宁AXL562_0,11,2021-08-23 14:02:15,2021-08-23 14:09:45,6841.52,0.125,54.732
780079,790062,宁A10E88_0,1,2021-08-23 14:04:43,2021-08-23 14:10:21,6841.52,0.093889,72.868
780079,790062,蒙C9AA97_0,1,2021-08-23 15:52:32,2021-08-23 15:57:57,6841.52,0.090278,75.783
780079,790062,宁AE0120_1,16,2021-08-23 15:15:48,2021-08-23 15:23:26,6841.52,0.127222,53.776
780079,790062,陕KK537X_0,1,2021-08-23 15:21:29,2021-08-23 15:27:53,6841.52,0.106667,64.139
780079,790062,蒙LGF090_0,1,2021-08-23 19:30:57,2021-08-23 19:36:08,6841.52,0.086389,79.194
780079,790062,冀AHW862_9,16,2021-08-24 00:37:20,2021-08-24 00:44:44,6841.52,0.123333,55.472
780079,790062,宁A92D85_0,1,2021-08-24 00:41:16,2021-08-24 00:46:06,6841.52,0.080556,84.929
780079,790062,宁B79030_1,16,2021-08-24 00:42:10,2021-08-24 00:48:11,6841.52,0.100278,68.226
780079,790062,宁A6NQ99_0,1,2021-08-24 01:17:57,2021-08-24 01:23:05,6841.52,0.085556,79.965
780079,790062,宁AJ1888_1,16,2021-08-24 06:30:37,2021-08-24 06:37:28,6841.52,0.114167,59.926
780079,790062,宁AZ257S_0,1,2021-08-24 06:58:11,2021-08-24 07:03:33,6841.52,0.089444,76.489
780079,790062,宁AF609L_0,1,2021-08-24 07:03:53,2021-08-24 07:09:34,6841.52,0.094722,72.227
780079,790062,宁A9X385_0,1,2021-08-24 07:34:30,2021-08-24 07:39:18,6841.52,0.08,85.519
780079,790062,宁BP7757_0,1,2021-08-24 08:13:52,2021-08-24 08:19:05,6841.52,0.086944,78.689
780079,790062,宁A1CW55_0,1,2021-08-24 08:16:42,2021-08-24 08:21:31,6841.52,0.080278,85.223
780079,790062,宁A5HU69_0,1,2021-08-24 08:18:05,2021-08-24 08:22:24,6841.52,0.071944,95.095
780079,790062,宁AW6471_0,1,2021-08-24 08:20:25,2021-08-24 08:25:44,6841.52,0.088611,77.208
780079,790062,宁A2C656_0,1,2021-08-24 08:22:03,2021-08-24 08:26:44,6841.52,0.078056,87.649
780079,790062,宁A67B12_0,11,2021-08-24 08:47:45,2021-08-24 08:53:49,6841.52,0.101111,67.663
780079,790062,苏G5602E_1,16,2021-08-24 09:58:26,2021-08-24 10:03:48,6841.52,0.089444,76.489
780079,790062,豫A1566C_1,16,2021-08-24 11:45:58,2021-08-24 11:51:53,6841.52,0.098611,69.379
780079,790062,宁AZ588G_0,1,2021-08-24 11:47:47,2021-08-24 11:52:57,6841.52,0.086111,79.45
780079,790062,蒙HBB831_0,1,2021-08-24 11:53:41,2021-08-24 11:58:23,6841.52,0.078333,87.339
780079,790062,宁A3003K_0,1,2021-08-24 13:05:22,2021-08-24 13:10:29,6841.52,0.085278,80.226
780079,790062,苏GS3888_1,16,2021-08-24 13:34:47,2021-08-24 13:40:49,6841.52,0.100556,68.037
780079,790062,宁AL578E_0,11,2021-08-24 14:17:39,2021-08-24 14:22:18,6841.52,0.0775,88.278
780079,790062,宁A6N678_0,1,2021-08-24 14:50:27,2021-08-24 14:55:26,6841.52,0.083056,82.372
780079,790062,宁A9131A_0,1,2021-08-24 18:26:35,2021-08-24 18:32:07,6841.52,0.092222,74.185
780079,790062,蒙CJD708_0,1,2021-08-24 18:28:18,2021-08-24 18:34:12,6841.52,0.098333,69.575
780079,790062,冀J0E111_1,16,2021-08-24 18:59:17,2021-08-24 19:06:29,6841.52,0.12,57.013
780079,790062,宁AH333Q_0,1,2021-08-24 19:03:54,2021-08-24 19:08:54,6841.52,0.083333,82.099
780079,790062,宁AU9488_0,1,2021-08-25 00:49:20,2021-08-25 00:54:48,6841.52,0.091111,75.09
780079,790062,宁AML901_0,1,2021-08-25 06:36:43,2021-08-25 06:41:25,6841.52,0.078333,87.339
780079,790062,宁AF609L_0,1,2021-08-25 07:06:07,2021-08-25 07:12:26,6841.52,0.105278,64.985
780079,790062,宁A1EW36_0,1,2021-08-25 07:47:47,2021-08-25 07:52:22,6841.52,0.076389,89.562
780079,790062,宁DL5128_0,1,2021-08-25 07:47:55,2021-08-25 07:53:16,6841.52,0.089167,76.727
780079,790062,宁A1BL11_0,1,2021-08-25 07:50:18,2021-08-25 07:55:10,6841.52,0.081111,84.348
780079,790062,宁AR371F_0,1,2021-08-25 07:50:10,2021-08-25 07:55:31,6841.52,0.089167,76.727
780079,790062,宁AH519L_0,11,2021-08-25 08:25:26,2021-08-25 08:30:54,6841.52,0.091111,75.09
780079,790062,宁AA703W_0,1,2021-08-25 08:53:16,2021-08-25 08:58:24,6841.52,0.085556,79.965
780079,790062,宁AXJ630_0,1,2021-08-25 09:37:58,2021-08-25 09:43:05,6841.52,0.085278,80.226
780079,790062,宁A5QY62_0,1,2021-08-25 14:55:45,2021-08-25 15:00:20,6841.52,0.076389,89.562
780079,790062,宁D07600_0,1,2021-08-25 17:54:58,2021-08-25 17:59:37,6841.52,0.0775,88.278
780079,790062,宁A2LB36_0,1,2021-08-25 20:21:47,2021-08-25 20:28:27,6841.52,0.111111,61.574
780079,790062,宁B8A519_0,1,2021-08-25 21:40:05,2021-08-25 21:45:41,6841.52,0.093333,73.302
780079,790062,宁A0314C_0,1,2021-08-25 21:45:07,2021-08-25 21:50:03,6841.52,0.082222,83.208
780079,790062,宁A3KL61_0,1,2021-08-25 20:57:03,2021-08-25 21:01:48,6841.52,0.079167,86.419
780079,790062,宁AG965P_0,1,2021-08-25 22:45:05,2021-08-25 22:50:33,6841.52,0.091111,75.09
780079,790062,蒙MCD568_0,1,2021-08-25 22:13:02,2021-08-25 22:18:53,6841.52,0.0975,70.169
780079,790062,宁AKU101_0,1,2021-08-26 07:11:42,2021-08-26 07:17:01,6841.52,0.088611,77.208
780079,790062,苏KD7F37_0,1,2021-08-26 07:53:21,2021-08-26 07:58:15,6841.52,0.081667,83.773
780079,790062,宁AE5271_1,22,2021-08-26 07:57:40,2021-08-26 08:04:03,6841.52,0.106389,64.307
780079,790062,宁A1W961_0,1,2021-08-26 07:59:37,2021-08-26 08:04:52,6841.52,0.0875,78.189
780079,790062,宁A73996_1,22,2021-08-26 08:03:37,2021-08-26 08:09:35,6841.52,0.099444,68.798
780079,790062,宁AE9553_1,12,2021-08-26 08:04:31,2021-08-26 08:10:27,6841.52,0.098889,69.184
780079,790062,宁BBQ678_0,1,2021-08-26 10:11:34,2021-08-26 10:16:38,6841.52,0.084444,81.018
780079,790062,蒙CEH875_0,1,2021-08-26 12:02:16,2021-08-26 12:08:14,6841.52,0.099444,68.798
780079,790062,宁AXL562_0,11,2021-08-26 22:18:10,2021-08-26 22:23:45,6841.52,0.093056,73.52
780079,790062,宁AE090A_0,1,2021-08-26 23:36:07,2021-08-26 23:40:55,6841.52,0.08,85.519
780079,790062,宁AE6075_1,12,2021-08-27 01:31:18,2021-08-27 01:38:38,6841.52,0.122222,55.976
780079,790062,宁A9549F_0,1,2021-08-27 05:17:37,2021-08-27 05:22:47,6841.52,0.086111,79.45
780079,790062,宁BU7669_0,11,2021-08-27 05:32:01,2021-08-27 05:38:23,6841.52,0.106111,64.475
780079,790062,豫A7DC12_0,1,2021-08-27 06:42:07,2021-08-27 06:46:46,6841.52,0.0775,88.278
780079,790062,宁AA238W_0,1,2021-08-27 07:17:58,2021-08-27 07:23:08,6841.52,0.086111,79.45
780079,790062,宁AJA577_0,1,2021-08-27 09:07:21,2021-08-27 09:14:00,6841.52,0.110833,61.728
780079,790062,宁A0113J_0,1,2021-08-27 09:10:10,2021-08-27 09:14:36,6841.52,0.073889,92.592
780079,790062,宁A8SB29_0,1,2021-08-27 10:22:09,2021-08-27 10:26:57,6841.52,0.08,85.519
780079,790062,宁A0A668_0,1,2021-08-27 11:00:57,2021-08-27 11:05:41,6841.52,0.078889,86.723
780079,790062,宁A8DP16_0,11,2021-08-27 11:31:11,2021-08-27 11:35:49,6841.52,0.077222,88.595
780079,790062,蒙A3DT66_0,1,2021-08-27 11:32:37,2021-08-27 11:37:30,6841.52,0.081389,84.06
780079,790062,蒙L09526_0,11,2021-08-27 12:02:44,2021-08-27 12:11:35,6841.52,0.1475,46.383
780079,790062,宁BBB804_0,1,2021-08-27 12:06:21,2021-08-27 12:11:48,6841.52,0.090833,75.32
780079,790062,宁AL098L_0,1,2021-08-27 12:44:01,2021-08-27 12:49:06,6841.52,0.084722,80.753
780079,790062,豫RJC263_1,16,2021-08-27 12:43:40,2021-08-27 12:49:50,6841.52,0.102778,66.566
780079,790062,宁BBT181_0,1,2021-08-27 12:45:07,2021-08-27 12:50:55,6841.52,0.096667,70.774
780079,790062,宁A69P20_0,1,2021-08-27 17:31:46,2021-08-27 17:36:30,6841.52,0.078889,86.723
780079,790062,宁DCP368_0,1,2021-08-27 19:20:54,2021-08-27 19:25:54,6841.52,0.083333,82.099
780079,790062,黑A3E3S1_0,1,2021-08-27 23:52:50,2021-08-27 23:57:41,6841.52,0.080833,84.638
780079,790062,冀ALD329_1,16,2021-08-28 06:10:12,2021-08-28 06:17:29,6841.52,0.121389,56.36
780079,790062,宁A1N287_0,1,2021-08-28 08:38:42,2021-08-28 08:44:23,6841.52,0.094722,72.227
780079,790062,宁AS7800_0,1,2021-08-28 09:14:47,2021-08-28 09:19:58,6841.52,0.086389,79.194
780079,790062,宁A0323N_0,1,2021-08-28 11:03:33,2021-08-28 11:08:05,6841.52,0.075556,90.549
780079,790062,宁A9X759_0,1,2021-08-28 14:03:21,2021-08-28 14:08:32,6841.52,0.086389,79.194
780079,790062,宁A9QN56_0,11,2021-08-28 16:57:23,2021-08-28 17:07:13,6841.52,0.163889,41.745
780079,790062,宁AM123N_0,1,2021-08-28 17:35:57,2021-08-28 17:42:25,6841.52,0.107778,63.478
780079,790062,宁ANJ135_0,1,2021-08-28 18:50:18,2021-08-28 18:56:13,6841.52,0.098611,69.379
780079,790062,宁A5369J_0,1,2021-08-28 20:01:05,2021-08-28 20:07:02,6841.52,0.099167,68.99
780079,790062,宁AD5966_1,16,2021-08-29 06:36:18,2021-08-29 06:42:05,6841.52,0.096389,70.978
780079,790062,宁AVC376_0,1,2021-08-29 06:54:25,2021-08-29 07:00:01,6841.52,0.093333,73.302
780079,790062,宁A338E3_0,1,2021-08-29 06:59:41,2021-08-29 07:04:51,6841.52,0.086111,79.45
780079,790062,宁APM260_0,1,2021-08-29 08:44:56,2021-08-29 08:50:42,6841.52,0.096111,71.184
780079,790062,宁AK753S_0,1,2021-08-29 08:45:13,2021-08-29 08:50:47,6841.52,0.092778,73.741
780079,790062,宁A01226_0,1,2021-08-29 08:07:27,2021-08-29 08:12:05,6841.52,0.077222,88.595
780079,790062,宁AZG037_0,1,2021-08-29 08:08:15,2021-08-29 08:13:26,6841.52,0.086389,79.194
780079,790062,宁AN986F_0,1,2021-08-29 08:09:46,2021-08-29 08:14:53,6841.52,0.085278,80.226
780079,790062,蒙CJ5184_0,1,2021-08-29 12:20:21,2021-08-29 12:25:38,6841.52,0.088056,77.695
780079,790062,宁A183C6_0,1,2021-08-29 12:55:00,2021-08-29 13:00:05,6841.52,0.084722,80.753
780079,790062,陕A33Y7G_0,11,2021-08-29 14:09:31,2021-08-29 14:15:05,6841.52,0.092778,73.741
780079,790062,蒙LGE039_0,1,2021-08-29 16:31:20,2021-08-29 16:37:01,6841.52,0.094722,72.227
780079,790062,宁A492V3_0,1,2021-08-29 18:56:29,2021-08-29 19:01:18,6841.52,0.080278,85.223
780079,790062,宁A9LL80_0,1,2021-08-29 18:56:47,2021-08-29 19:01:30,6841.52,0.078611,87.03
780079,790062,宁A966S5_0,1,2021-08-29 20:44:03,2021-08-29 20:49:36,6841.52,0.0925,73.962
780079,790062,宁AZ508H_0,1,2021-08-30 00:28:01,2021-08-30 00:33:12,6841.52,0.086389,79.194
780079,790062,宁CKZ508_0,11,2021-08-30 04:20:03,2021-08-30 04:26:55,6841.52,0.114444,59.781
780079,790062,宁EY7929_0,1,2021-08-30 05:46:56,2021-08-30 05:52:14,6841.52,0.088333,77.451
780079,790062,宁AUW215_0,1,2021-08-30 05:07:53,2021-08-30 05:13:53,6841.52,0.1,68.415
780079,790062,宁AJQ481_0,11,2021-08-30 07:03:54,2021-08-30 07:10:10,6841.52,0.104444,65.504
780079,790062,宁BU8192_0,1,2021-08-30 08:14:12,2021-08-30 08:20:09,6841.52,0.099167,68.99
780079,790062,宁AHN640_0,11,2021-08-30 10:35:29,2021-08-30 10:42:01,6841.52,0.108889,62.83
780079,790062,蒙LWW257_0,1,2021-08-30 10:02:10,2021-08-30 10:07:32,6841.52,0.089444,76.489
780079,790062,宁AL5097_1,14,2021-08-30 10:03:10,2021-08-30 10:09:32,6841.52,0.106111,64.475
780079,790062,宁A3516A_0,1,2021-08-30 11:51:10,2021-08-30 11:56:01,6841.52,0.080833,84.638
780079,790062,蒙M68992_0,11,2021-08-30 11:51:46,2021-08-30 11:57:39,6841.52,0.098056,69.772
780079,790062,蒙K1Y382_0,1,2021-08-30 11:15:10,2021-08-30 11:19:53,6841.52,0.078611,87.03
780079,790062,鄂C0332R_0,11,2021-08-30 13:00:22,2021-08-30 13:05:55,6841.52,0.0925,73.962
780079,790062,蒙AD12587_4,1,2021-08-30 16:39:15,2021-08-30 16:46:10,6841.52,0.115278,59.348
780079,790062,宁AZ252G_0,1,2021-08-30 19:02:12,2021-08-30 19:07:25,6841.52,0.086944,78.689
780079,790062,宁A593B9_0,1,2021-08-31 08:18:37,2021-08-31 08:23:21,6841.52,0.078889,86.723
780079,790062,宁A8B101_0,1,2021-08-31 08:18:42,2021-08-31 08:23:30,6841.52,0.08,85.519
780079,790062,宁A81Z56_0,1,2021-08-31 08:18:57,2021-08-31 08:23:45,6841.52,0.08,85.519
780079,790062,冀J6V152_1,16,2021-08-31 08:51:50,2021-08-31 08:59:16,6841.52,0.123889,55.223
780079,790062,宁AS855Z_0,1,2021-08-31 09:31:55,2021-08-31 09:37:44,6841.52,0.096944,70.572
780079,790062,宁AK774B_0,1,2021-08-31 10:09:42,2021-08-31 10:14:25,6841.52,0.078611,87.03
780079,790062,宁A1B195_0,1,2021-08-31 10:09:31,2021-08-31 10:14:48,6841.52,0.088056,77.695
780079,790062,宁CFN637_0,1,2021-08-31 10:10:23,2021-08-31 10:15:18,6841.52,0.081944,83.49
780079,790062,宁CE3319_1,16,2021-08-31 10:09:11,2021-08-31 10:15:27,6841.52,0.104444,65.504
780079,790062,辽CC5076_1,16,2021-08-31 11:47:05,2021-08-31 11:52:56,6841.52,0.0975,70.169
780079,790062,宁AJA090_0,1,2021-08-31 13:09:04,2021-08-31 13:14:54,6841.52,0.097222,70.37
780079,790062,宁AA786C_0,1,2021-08-31 17:47:51,2021-08-31 17:54:43,6841.52,0.114444,59.781
780079,790062,宁A321M6_0,11,2021-08-31 17:49:37,2021-08-31 17:54:49,6841.52,0.086667,78.94
780079,790062,宁AH111A_0,1,2021-08-31 17:57:08,2021-08-31 18:02:11,6841.52,0.084167,81.285
780079,790062,宁BX5392_0,1,2021-08-31 18:13:52,2021-08-31 18:19:08,6841.52,0.087778,77.941
780079,790062,宁B29181_0,21,2021-08-31 18:19:41,2021-08-31 18:24:47,6841.52,0.085,80.488
780079,790062,宁A8V653_0,1,2021-08-31 18:47:21,2021-08-31 18:52:00,6841.52,0.0775,88.278
780079,790062,宁A2736C_0,1,2021-08-31 18:52:36,2021-08-31 18:58:06,6841.52,0.091667,74.634
780079,790062,宁AXL562_0,11,2021-08-31 18:55:20,2021-08-31 19:00:43,6841.52,0.089722,76.252
780079,790062,宁AN557M_0,1,2021-08-31 18:56:48,2021-08-31 19:02:23,6841.52,0.093056,73.52
780079,790062,辽CC2890_1,16,2021-08-31 19:08:08,2021-08-31 19:14:05,6841.52,0.099167,68.99
780079,790062,蒙MY0817_0,1,2021-08-31 19:10:59,2021-08-31 19:16:04,6841.52,0.084722,80.753
780079,790062,宁ASG679_0,1,2021-08-31 19:32:25,2021-08-31 19:36:33,6841.52,0.068889,99.312
780079,790062,苏DGB078_1,16,2021-08-31 19:46:09,2021-08-31 19:53:11,6841.52,0.117222,58.364
780079,790062,宁A0H867_0,1,2021-08-31 19:57:04,2021-08-31 20:02:31,6841.52,0.090833,75.32
780079,790062,宁A7LJ13_0,1,2021-08-31 20:12:32,2021-08-31 20:17:17,6841.52,0.079167,86.419
780079,790062,宁AJ1119_1,16,2021-08-31 20:35:51,2021-08-31 20:43:48,6841.52,0.1325,51.634
780079,790062,宁A9291F_0,1,2021-08-31 20:41:01,2021-08-31 20:46:11,6841.52,0.086111,79.45
780079,790062,宁AQ099A_0,1,2021-08-31 20:52:43,2021-08-31 20:57:50,6841.52,0.085278,80.226
780079,790062,宁AR0868_0,1,2021-08-31 21:36:13,2021-08-31 21:41:56,6841.52,0.095278,71.806
780079,790062,宁BW7278_0,1,2021-08-31 23:04:46,2021-08-31 23:10:25,6841.52,0.094167,72.653
